event_id,customer_id,event_ts,screen,action
1,6028271,2026-03-01 00:00:01,card_statement,view
2,6024604,2026-03-01 00:00:04,home,view
3,6030047,2026-03-01 00:00:07,home,view
4,6034195,2026-03-01 00:00:14,bill_payment,view
5,6033674,2026-03-01 00:00:18,savings_cajita,start
6,6000815,2026-03-01 00:00:22,home,start
7,6013988,2026-03-01 00:00:43,home,start
8,6036492,2026-03-01 00:00:43,savings_cajita,view
9,6033557,2026-03-01 00:00:47,home,view
10,6001571,2026-03-01 00:00:48,bill_payment,view
11,6025744,2026-03-01 00:00:48,bill_payment,view
12,6018398,2026-03-01 00:00:50,home,view
13,6037558,2026-03-01 00:01:02,transfer_spei,start
14,6000520,2026-03-01 00:01:02,home,start
15,6019878,2026-03-01 00:01:06,bill_payment,view
16,6026100,2026-03-01 00:01:06,savings_cajita,view
17,6022762,2026-03-01 00:01:09,bill_payment,view
18,6007415,2026-03-01 00:01:09,bill_payment,start
19,6028163,2026-03-01 00:01:19,bill_payment,view
20,6033350,2026-03-01 00:01:26,bill_payment,start
21,6012291,2026-03-01 00:01:31,home,view
22,6002731,2026-03-01 00:01:32,savings_cajita,view
23,6016163,2026-03-01 00:01:35,bill_payment,view
24,6033147,2026-03-01 00:01:39,card_statement,view
25,6009710,2026-03-01 00:01:39,home,view
26,6022928,2026-03-01 00:01:41,bill_payment,start
27,6035596,2026-03-01 00:01:44,home,view
28,6011895,2026-03-01 00:01:47,home,start
29,6013000,2026-03-01 00:01:49,home,view
30,6014138,2026-03-01 00:01:53,bill_payment,view
31,6015973,2026-03-01 00:01:53,savings_cajita,view
32,6004261,2026-03-01 00:01:56,transfer_spei,start
33,6036853,2026-03-01 00:01:57,home,view
34,6010833,2026-03-01 00:01:58,bill_payment,view
35,6018797,2026-03-01 00:02:13,home,view
36,6001908,2026-03-01 00:02:18,savings_cajita,start
37,6014618,2026-03-01 00:02:22,home,view
38,6002926,2026-03-01 00:02:24,savings_cajita,view
39,6026125,2026-03-01 00:02:25,bill_payment,start
40,6026289,2026-03-01 00:02:26,bill_payment,start
41,6030393,2026-03-01 00:02:30,home,start
42,6014274,2026-03-01 00:02:35,savings_cajita,view
43,6025578,2026-03-01 00:02:36,bill_payment,view
44,6017143,2026-03-01 00:02:40,bill_payment,start
45,6000354,2026-03-01 00:02:40,home,view
46,6007183,2026-03-01 00:02:42,home,start
47,6006316,2026-03-01 00:02:42,home,start
48,6010861,2026-03-01 00:02:46,home,view
49,6009358,2026-03-01 00:02:49,bill_payment,start
50,6004747,2026-03-01 00:02:54,home,view
51,6014307,2026-03-01 00:02:56,savings_cajita,start
52,6014085,2026-03-01 00:03:03,savings_cajita,view
53,6017047,2026-03-01 00:03:05,savings_cajita,view
54,6032351,2026-03-01 00:03:06,home,view
55,6000221,2026-03-01 00:03:11,bill_payment,view
56,6018113,2026-03-01 00:03:19,home,start
57,6025543,2026-03-01 00:03:20,savings_cajita,view
58,6027804,2026-03-01 00:03:33,home,start
59,6027123,2026-03-01 00:03:38,bill_payment,view
60,6019839,2026-03-01 00:03:49,bill_payment,view
61,6030856,2026-03-01 00:03:51,bill_payment,view
62,6029825,2026-03-01 00:03:56,home,start
63,6033077,2026-03-01 00:03:56,savings_cajita,start
64,6021798,2026-03-01 00:04:07,home,view
65,6016743,2026-03-01 00:04:13,bill_payment,view
66,6007589,2026-03-01 00:04:14,bill_payment,view
67,6023718,2026-03-01 00:04:14,savings_cajita,view
68,6000321,2026-03-01 00:04:17,home,start
69,6001168,2026-03-01 00:04:19,bill_payment,view
70,6018706,2026-03-01 00:04:27,transfer_spei,view
71,6036440,2026-03-01 00:04:27,bill_payment,start
72,6005489,2026-03-01 00:04:29,home,view
73,6030735,2026-03-01 00:04:47,home,start
74,6020166,2026-03-01 00:04:49,bill_payment,view
75,6030566,2026-03-01 00:04:52,savings_cajita,view
76,6007095,2026-03-01 00:05:09,savings_cajita,start
77,6016502,2026-03-01 00:05:12,bill_payment,view
78,6036268,2026-03-01 00:05:22,transfer_spei,view
79,6003428,2026-03-01 00:05:31,savings_cajita,view
80,6005844,2026-03-01 00:05:32,savings_cajita,view
81,6023874,2026-03-01 00:05:33,home,view
82,6024108,2026-03-01 00:05:36,home,view
83,6032235,2026-03-01 00:05:36,home,view
84,6001742,2026-03-01 00:05:38,bill_payment,start
85,6018206,2026-03-01 00:05:42,home,view
86,6019822,2026-03-01 00:05:48,home,view
87,6014484,2026-03-01 00:05:49,home,view
88,6003119,2026-03-01 00:05:51,home,view
89,6000826,2026-03-01 00:05:51,savings_cajita,start
90,6003037,2026-03-01 00:05:54,home,view
91,6003165,2026-03-01 00:06:00,transfer_spei,view
92,6001109,2026-03-01 00:06:07,home,view
93,6000434,2026-03-01 00:06:17,home,view
94,6030873,2026-03-01 00:06:25,home,view
95,6035717,2026-03-01 00:06:38,bill_payment,view
96,6008306,2026-03-01 00:06:46,bill_payment,start
97,6034023,2026-03-01 00:06:46,home,start
98,6031659,2026-03-01 00:06:53,home,start
99,6031555,2026-03-01 00:06:54,home,view
100,6009579,2026-03-01 00:06:58,home,start
101,6036470,2026-03-01 00:06:58,bill_payment,start
102,6000597,2026-03-01 00:06:59,bill_payment,start
103,6005704,2026-03-01 00:07:00,home,view
104,6009524,2026-03-01 00:07:14,transfer_spei,view
105,6013474,2026-03-01 00:07:16,savings_cajita,view
106,6026025,2026-03-01 00:07:23,bill_payment,view
107,6025678,2026-03-01 00:07:42,home,view
108,6023344,2026-03-01 00:07:50,bill_payment,view
109,6007255,2026-03-01 00:07:53,savings_cajita,start
110,6031455,2026-03-01 00:08:08,bill_payment,view
111,6031510,2026-03-01 00:08:09,transfer_spei,view
112,6018183,2026-03-01 00:08:09,transfer_spei,view
113,6010455,2026-03-01 00:08:22,savings_cajita,view
114,6013329,2026-03-01 00:08:28,home,view
115,6002713,2026-03-01 00:08:39,savings_cajita,view
116,6030626,2026-03-01 00:08:42,home,view
117,6029154,2026-03-01 00:08:43,bill_payment,view
118,6036064,2026-03-01 00:08:44,bill_payment,start
119,6028171,2026-03-01 00:08:44,savings_cajita,view
120,6021978,2026-03-01 00:09:02,bill_payment,start
121,6033617,2026-03-01 00:09:04,savings_cajita,view
122,6023744,2026-03-01 00:09:09,savings_cajita,view
123,6008397,2026-03-01 00:09:11,savings_cajita,view
124,6026016,2026-03-01 00:09:12,savings_cajita,start
125,6009066,2026-03-01 00:09:23,bill_payment,view
126,6033892,2026-03-01 00:09:28,transfer_spei,view
127,6015797,2026-03-01 00:09:33,bill_payment,view
128,6003491,2026-03-01 00:09:37,bill_payment,start
129,6016976,2026-03-01 00:09:43,bill_payment,view
130,6023809,2026-03-01 00:09:45,savings_cajita,view
131,6012743,2026-03-01 00:09:46,home,start
132,6033127,2026-03-01 00:09:50,bill_payment,start
133,6035452,2026-03-01 00:09:51,bill_payment,view
134,6035779,2026-03-01 00:10:09,bill_payment,start
135,6014020,2026-03-01 00:10:16,savings_cajita,start
136,6003929,2026-03-01 00:10:18,loan_simulation,view
137,6031749,2026-03-01 00:10:21,bill_payment,start
138,6018173,2026-03-01 00:10:22,bill_payment,start
139,6024887,2026-03-01 00:10:23,bill_payment,view
140,6016348,2026-03-01 00:10:24,savings_cajita,view
141,6020655,2026-03-01 00:10:29,bill_payment,view
142,6026343,2026-03-01 00:10:31,savings_cajita,start
143,6000520,2026-03-01 00:10:33,home,view
144,6011898,2026-03-01 00:10:35,transfer_spei,view
145,6015731,2026-03-01 00:10:40,bill_payment,start
146,6016748,2026-03-01 00:10:52,home,start
147,6016627,2026-03-01 00:10:52,home,start
148,6008526,2026-03-01 00:10:54,transfer_spei,start
149,6030855,2026-03-01 00:10:55,home,view
150,6024769,2026-03-01 00:10:58,home,view
151,6016440,2026-03-01 00:11:03,home,view
152,6037560,2026-03-01 00:11:04,home,view
153,6004639,2026-03-01 00:11:11,home,view
154,6018662,2026-03-01 00:11:18,home,start
155,6018716,2026-03-01 00:11:21,card_statement,view
156,6005091,2026-03-01 00:11:26,transfer_spei,view
157,6016505,2026-03-01 00:11:38,transfer_spei,view
158,6010191,2026-03-01 00:11:43,home,start
159,6006930,2026-03-01 00:11:44,savings_cajita,start
160,6021887,2026-03-01 00:11:52,bill_payment,view
161,6037166,2026-03-01 00:11:55,home,view
162,6031326,2026-03-01 00:12:00,savings_cajita,view
163,6028654,2026-03-01 00:12:03,home,view
164,6015665,2026-03-01 00:12:03,bill_payment,view
165,6025523,2026-03-01 00:12:10,savings_cajita,view
166,6034325,2026-03-01 00:12:16,bill_payment,view
167,6021506,2026-03-01 00:12:16,transfer_spei,start
168,6016612,2026-03-01 00:12:18,savings_cajita,view
169,6009617,2026-03-01 00:12:18,savings_cajita,view
170,6017394,2026-03-01 00:12:20,savings_cajita,view
171,6014310,2026-03-01 00:12:30,home,start
172,6035611,2026-03-01 00:12:38,bill_payment,view
173,6027645,2026-03-01 00:12:42,home,start
174,6037357,2026-03-01 00:12:42,savings_cajita,start
175,6031014,2026-03-01 00:12:43,home,view
176,6030963,2026-03-01 00:12:48,bill_payment,start
177,6029365,2026-03-01 00:12:48,home,view
178,6022251,2026-03-01 00:12:52,bill_payment,view
179,6000802,2026-03-01 00:12:55,home,start
180,6012822,2026-03-01 00:13:01,home,start
181,6016423,2026-03-01 00:13:04,bill_payment,view
182,6009926,2026-03-01 00:13:06,home,start
183,6035656,2026-03-01 00:13:09,home,view
184,6017080,2026-03-01 00:13:16,transfer_spei,view
185,6011529,2026-03-01 00:13:22,bill_payment,view
186,6002340,2026-03-01 00:13:24,home,view
187,6028753,2026-03-01 00:13:28,home,view
188,6019944,2026-03-01 00:13:33,savings_cajita,start
189,6022715,2026-03-01 00:13:33,home,view
190,6012446,2026-03-01 00:13:35,home,view
191,6015204,2026-03-01 00:13:40,bill_payment,view
192,6036846,2026-03-01 00:13:44,savings_cajita,start
193,6020730,2026-03-01 00:13:49,savings_cajita,start
194,6004758,2026-03-01 00:14:02,home,start
195,6000722,2026-03-01 00:14:03,savings_cajita,view
196,6011564,2026-03-01 00:14:09,home,view
197,6003664,2026-03-01 00:14:15,bill_payment,view
198,6003550,2026-03-01 00:14:23,bill_payment,view
199,6019609,2026-03-01 00:14:40,bill_payment,start
200,6037800,2026-03-01 00:14:42,home,start
201,6009067,2026-03-01 00:14:44,home,start
202,6019735,2026-03-01 00:14:46,home,view
203,6024868,2026-03-01 00:14:48,home,view
204,6010504,2026-03-01 00:14:57,savings_cajita,start
205,6010619,2026-03-01 00:14:57,savings_cajita,view
206,6004786,2026-03-01 00:14:58,home,view
207,6001927,2026-03-01 00:15:01,savings_cajita,view
208,6005752,2026-03-01 00:15:08,bill_payment,view
209,6016576,2026-03-01 00:15:13,savings_cajita,view
210,6019266,2026-03-01 00:15:13,loan_simulation,view
211,6031612,2026-03-01 00:15:14,home,view
212,6036491,2026-03-01 00:15:14,investments,start
213,6001059,2026-03-01 00:15:17,bill_payment,view
214,6010568,2026-03-01 00:15:22,home,view
215,6031399,2026-03-01 00:15:24,home,start
216,6029406,2026-03-01 00:15:25,bill_payment,start
217,6006213,2026-03-01 00:15:26,card_statement,view
218,6033127,2026-03-01 00:15:35,bill_payment,view
219,6004335,2026-03-01 00:15:37,bill_payment,start
220,6028482,2026-03-01 00:15:43,home,view
221,6029067,2026-03-01 00:15:44,home,view
222,6026125,2026-03-01 00:15:46,savings_cajita,start
223,6031975,2026-03-01 00:15:48,transfer_spei,view
224,6001106,2026-03-01 00:16:08,savings_cajita,view
225,6010977,2026-03-01 00:16:14,home,view
226,6021266,2026-03-01 00:16:22,loan_simulation,start
227,6001764,2026-03-01 00:16:22,savings_cajita,view
228,6028085,2026-03-01 00:16:25,savings_cajita,start
229,6011605,2026-03-01 00:16:29,transfer_spei,view
230,6001479,2026-03-01 00:16:29,bill_payment,view
231,6032784,2026-03-01 00:16:38,home,view
232,6021066,2026-03-01 00:17:03,bill_payment,start
233,6009755,2026-03-01 00:17:05,bill_payment,start
234,6008612,2026-03-01 00:17:06,savings_cajita,view
235,6027512,2026-03-01 00:17:08,card_statement,start
236,6032120,2026-03-01 00:17:11,bill_payment,view
237,6001787,2026-03-01 00:17:14,home,view
238,6021909,2026-03-01 00:17:14,savings_cajita,start
239,6033821,2026-03-01 00:17:16,transfer_spei,view
240,6021081,2026-03-01 00:17:23,home,view
241,6008133,2026-03-01 00:17:30,card_statement,start
242,6034023,2026-03-01 00:17:34,home,start
243,6035618,2026-03-01 00:17:40,savings_cajita,view
244,6002120,2026-03-01 00:17:41,savings_cajita,view
245,6011381,2026-03-01 00:18:02,bill_payment,view
246,6027122,2026-03-01 00:18:14,bill_payment,start
247,6035114,2026-03-01 00:18:16,savings_cajita,view
248,6003234,2026-03-01 00:18:22,bill_payment,start
249,6013117,2026-03-01 00:18:23,home,view
250,6022761,2026-03-01 00:18:24,home,view
251,6030419,2026-03-01 00:18:25,transfer_spei,view
252,6005809,2026-03-01 00:18:30,bill_payment,start
253,6028115,2026-03-01 00:18:40,bill_payment,view
254,6033639,2026-03-01 00:18:41,savings_cajita,start
255,6024418,2026-03-01 00:18:41,savings_cajita,start
256,6021160,2026-03-01 00:18:42,home,view
257,6021920,2026-03-01 00:18:51,home,view
258,6034697,2026-03-01 00:18:57,savings_cajita,view
259,6020933,2026-03-01 00:19:00,home,view
260,6021366,2026-03-01 00:19:02,home,view
261,6005877,2026-03-01 00:19:05,savings_cajita,view
262,6015820,2026-03-01 00:19:13,home,view
263,6006649,2026-03-01 00:19:16,savings_cajita,view
264,6001497,2026-03-01 00:19:21,home,start
265,6022979,2026-03-01 00:19:21,card_statement,start
266,6016134,2026-03-01 00:19:25,savings_cajita,start
267,6004102,2026-03-01 00:19:28,home,view
268,6029865,2026-03-01 00:19:29,bill_payment,start
269,6034755,2026-03-01 00:19:34,savings_cajita,view
270,6027890,2026-03-01 00:19:41,savings_cajita,start
271,6035941,2026-03-01 00:19:46,home,view
272,6022590,2026-03-01 00:20:00,savings_cajita,view
273,6009731,2026-03-01 00:20:02,card_statement,view
274,6033057,2026-03-01 00:20:02,home,view
275,6027462,2026-03-01 00:20:05,transfer_spei,view
276,6005186,2026-03-01 00:20:09,card_statement,view
277,6014774,2026-03-01 00:20:15,home,start
278,6020095,2026-03-01 00:20:15,home,start
279,6008276,2026-03-01 00:20:19,bill_payment,view
280,6023281,2026-03-01 00:20:23,bill_payment,view
281,6027067,2026-03-01 00:20:28,bill_payment,view
282,6028467,2026-03-01 00:20:28,bill_payment,view
283,6002418,2026-03-01 00:20:30,bill_payment,view
284,6015591,2026-03-01 00:20:34,home,start
285,6026541,2026-03-01 00:20:36,bill_payment,view
286,6011060,2026-03-01 00:20:42,savings_cajita,view
287,6028682,2026-03-01 00:20:43,bill_payment,start
288,6024852,2026-03-01 00:20:46,savings_cajita,start
289,6004534,2026-03-01 00:20:51,bill_payment,view
290,6008389,2026-03-01 00:20:54,bill_payment,view
291,6024258,2026-03-01 00:20:58,savings_cajita,view
292,6012688,2026-03-01 00:21:01,home,start
293,6019752,2026-03-01 00:21:05,savings_cajita,view
294,6001513,2026-03-01 00:21:10,home,start
295,6003879,2026-03-01 00:21:22,bill_payment,view
296,6035362,2026-03-01 00:21:24,bill_payment,start
297,6019306,2026-03-01 00:21:27,savings_cajita,view
298,6029097,2026-03-01 00:21:28,bill_payment,view
299,6035516,2026-03-01 00:21:33,bill_payment,view
300,6025752,2026-03-01 00:21:36,bill_payment,start
301,6000580,2026-03-01 00:21:36,home,view
302,6002633,2026-03-01 00:21:37,transfer_spei,view
303,6006056,2026-03-01 00:22:06,bill_payment,view
304,6014145,2026-03-01 00:22:06,home,start
305,6019658,2026-03-01 00:22:20,bill_payment,view
306,6033669,2026-03-01 00:22:25,bill_payment,start
307,6034747,2026-03-01 00:22:25,bill_payment,view
308,6027802,2026-03-01 00:22:26,transfer_spei,start
309,6021012,2026-03-01 00:22:28,savings_cajita,view
310,6036652,2026-03-01 00:22:31,home,start
311,6002276,2026-03-01 00:22:36,home,view
312,6019233,2026-03-01 00:22:41,bill_payment,view
313,6035122,2026-03-01 00:22:48,bill_payment,start
314,6025032,2026-03-01 00:22:52,home,view
315,6003292,2026-03-01 00:22:52,home,view
316,6013130,2026-03-01 00:22:53,home,start
317,6026234,2026-03-01 00:22:56,home,start
318,6012283,2026-03-01 00:22:56,bill_payment,view
319,6027463,2026-03-01 00:22:57,bill_payment,start
320,6019044,2026-03-01 00:23:02,home,view
321,6033907,2026-03-01 00:23:17,savings_cajita,start
322,6024410,2026-03-01 00:23:21,transfer_spei,start
323,6036082,2026-03-01 00:23:26,investments,start
324,6022643,2026-03-01 00:23:32,bill_payment,view
325,6015589,2026-03-01 00:23:37,bill_payment,view
326,6024105,2026-03-01 00:23:44,home,view
327,6031825,2026-03-01 00:23:49,home,view
328,6012415,2026-03-01 00:23:50,home,start
329,6015342,2026-03-01 00:23:54,home,view
330,6025808,2026-03-01 00:23:59,home,view
331,6002464,2026-03-01 00:23:59,bill_payment,view
332,6026789,2026-03-01 00:24:02,bill_payment,view
333,6006771,2026-03-01 00:24:03,bill_payment,view
334,6014363,2026-03-01 00:24:07,savings_cajita,view
335,6029554,2026-03-01 00:24:12,transfer_spei,view
336,6034179,2026-03-01 00:24:18,loan_simulation,start
337,6037346,2026-03-01 00:24:22,home,start
338,6028335,2026-03-01 00:24:26,home,view
339,6034655,2026-03-01 00:24:37,transfer_spei,start
340,6033912,2026-03-01 00:24:37,transfer_spei,start
341,6009534,2026-03-01 00:24:39,home,view
342,6017525,2026-03-01 00:24:57,bill_payment,view
343,6022000,2026-03-01 00:24:58,home,view
344,6032976,2026-03-01 00:24:59,bill_payment,view
345,6006764,2026-03-01 00:25:11,savings_cajita,start
346,6035829,2026-03-01 00:25:14,bill_payment,view
347,6018338,2026-03-01 00:25:22,home,start
348,6026657,2026-03-01 00:25:28,home,start
349,6016399,2026-03-01 00:25:33,home,view
350,6006581,2026-03-01 00:25:35,home,start
351,6013577,2026-03-01 00:25:37,bill_payment,view
352,6026809,2026-03-01 00:25:37,bill_payment,start
353,6012093,2026-03-01 00:25:41,savings_cajita,view
354,6002344,2026-03-01 00:25:47,transfer_spei,view
355,6026971,2026-03-01 00:25:52,savings_cajita,start
356,6032961,2026-03-01 00:25:52,home,start
357,6036140,2026-03-01 00:25:58,bill_payment,view
358,6032184,2026-03-01 00:26:08,bill_payment,view
359,6019456,2026-03-01 00:26:12,bill_payment,view
360,6029022,2026-03-01 00:26:18,bill_payment,start
361,6025343,2026-03-01 00:26:19,transfer_spei,view
362,6015349,2026-03-01 00:26:25,investments,view
363,6011362,2026-03-01 00:26:26,transfer_spei,view
364,6027704,2026-03-01 00:26:26,home,view
365,6018471,2026-03-01 00:26:27,bill_payment,start
366,6018549,2026-03-01 00:26:37,home,view
367,6032172,2026-03-01 00:26:40,transfer_spei,start
368,6029119,2026-03-01 00:26:42,bill_payment,start
369,6035023,2026-03-01 00:26:47,home,view
370,6036816,2026-03-01 00:26:47,home,view
371,6021820,2026-03-01 00:26:49,home,view
372,6027362,2026-03-01 00:26:59,savings_cajita,start
373,6016458,2026-03-01 00:27:04,bill_payment,view
374,6007769,2026-03-01 00:27:04,savings_cajita,start
375,6017762,2026-03-01 00:27:11,bill_payment,view
376,6018114,2026-03-01 00:27:20,home,start
377,6032705,2026-03-01 00:27:22,bill_payment,start
378,6029020,2026-03-01 00:27:23,bill_payment,view
379,6017530,2026-03-01 00:27:39,bill_payment,view
380,6026873,2026-03-01 00:27:46,bill_payment,view
381,6009104,2026-03-01 00:27:51,home,view
382,6007382,2026-03-01 00:27:54,bill_payment,start
383,6018999,2026-03-01 00:27:59,home,view
384,6018023,2026-03-01 00:28:03,card_statement,start
385,6014489,2026-03-01 00:28:04,bill_payment,view
386,6010987,2026-03-01 00:28:10,bill_payment,start
387,6035607,2026-03-01 00:28:29,home,start
388,6014312,2026-03-01 00:28:37,bill_payment,view
389,6003221,2026-03-01 00:28:37,home,view
390,6019496,2026-03-01 00:28:41,savings_cajita,view
391,6022475,2026-03-01 00:28:44,home,start
392,6030720,2026-03-01 00:28:47,home,view
393,6016708,2026-03-01 00:28:50,bill_payment,view
394,6009981,2026-03-01 00:28:51,bill_payment,start
395,6015761,2026-03-01 00:28:52,bill_payment,start
396,6020951,2026-03-01 00:29:02,bill_payment,view
397,6022917,2026-03-01 00:29:03,home,view
398,6014489,2026-03-01 00:29:04,bill_payment,start
399,6013749,2026-03-01 00:29:08,savings_cajita,view
400,6016567,2026-03-01 00:29:15,bill_payment,view
401,6008070,2026-03-01 00:29:15,bill_payment,view
402,6024839,2026-03-01 00:29:16,home,view
403,6005949,2026-03-01 00:29:22,home,view
404,6030777,2026-03-01 00:29:23,bill_payment,start
405,6034842,2026-03-01 00:29:24,home,view
406,6035416,2026-03-01 00:29:25,home,view
407,6034017,2026-03-01 00:29:30,savings_cajita,start
408,6010227,2026-03-01 00:29:31,savings_cajita,view
409,6001777,2026-03-01 00:29:43,home,view
410,6035865,2026-03-01 00:29:44,bill_payment,start
411,6026260,2026-03-01 00:29:47,home,view
412,6024636,2026-03-01 00:29:53,bill_payment,view
413,6004229,2026-03-01 00:29:53,transfer_spei,view
414,6030878,2026-03-01 00:29:54,home,view
415,6025897,2026-03-01 00:29:59,home,view
416,6037799,2026-03-01 00:30:17,home,start
417,6025085,2026-03-01 00:30:22,home,start
418,6026320,2026-03-01 00:30:34,loan_simulation,view
419,6030819,2026-03-01 00:30:36,bill_payment,view
420,6017621,2026-03-01 00:30:42,bill_payment,view
421,6013321,2026-03-01 00:30:46,home,view
422,6002335,2026-03-01 00:30:50,bill_payment,view
423,6022752,2026-03-01 00:30:57,bill_payment,view
424,6009418,2026-03-01 00:31:04,home,start
425,6013353,2026-03-01 00:31:13,home,view
426,6000976,2026-03-01 00:31:14,home,view
427,6037516,2026-03-01 00:31:14,home,view
428,6026278,2026-03-01 00:31:17,transfer_spei,start
429,6014123,2026-03-01 00:31:18,home,view
430,6020338,2026-03-01 00:31:33,savings_cajita,view
431,6005787,2026-03-01 00:31:40,home,view
432,6017432,2026-03-01 00:31:45,savings_cajita,view
433,6025365,2026-03-01 00:31:51,bill_payment,view
434,6000414,2026-03-01 00:31:56,bill_payment,view
435,6026214,2026-03-01 00:32:04,home,view
436,6029347,2026-03-01 00:32:04,home,view
437,6000390,2026-03-01 00:32:14,home,view
438,6023154,2026-03-01 00:32:17,bill_payment,start
439,6012759,2026-03-01 00:32:18,bill_payment,view
440,6026248,2026-03-01 00:32:19,savings_cajita,start
441,6016567,2026-03-01 00:32:22,bill_payment,start
442,6019478,2026-03-01 00:32:24,home,view
443,6020000,2026-03-01 00:32:25,bill_payment,view
444,6013261,2026-03-01 00:32:26,bill_payment,start
445,6025922,2026-03-01 00:32:29,bill_payment,start
446,6037128,2026-03-01 00:32:35,home,view
447,6033981,2026-03-01 00:32:40,home,view
448,6012927,2026-03-01 00:32:49,home,start
449,6035844,2026-03-01 00:32:55,savings_cajita,start
450,6018360,2026-03-01 00:32:56,home,start
451,6007325,2026-03-01 00:33:13,home,view
452,6033025,2026-03-01 00:33:24,bill_payment,view
453,6019825,2026-03-01 00:33:24,home,start
454,6009088,2026-03-01 00:33:27,savings_cajita,view
455,6028096,2026-03-01 00:33:27,bill_payment,view
456,6014484,2026-03-01 00:33:28,home,view
457,6006550,2026-03-01 00:33:33,investments,start
458,6012744,2026-03-01 00:33:39,home,view
459,6015339,2026-03-01 00:33:47,bill_payment,start
460,6014222,2026-03-01 00:33:54,card_statement,view
461,6010258,2026-03-01 00:33:58,bill_payment,view
462,6003041,2026-03-01 00:33:58,bill_payment,view
463,6022653,2026-03-01 00:34:01,bill_payment,view
464,6024553,2026-03-01 00:34:11,bill_payment,start
465,6031344,2026-03-01 00:34:17,savings_cajita,start
466,6027447,2026-03-01 00:34:19,bill_payment,view
467,6005077,2026-03-01 00:34:21,card_statement,view
468,6022238,2026-03-01 00:34:29,home,start
469,6011554,2026-03-01 00:34:41,bill_payment,start
470,6008267,2026-03-01 00:34:45,home,view
471,6029701,2026-03-01 00:34:45,bill_payment,view
472,6030532,2026-03-01 00:34:47,card_statement,view
473,6000985,2026-03-01 00:34:47,bill_payment,view
474,6013373,2026-03-01 00:34:50,bill_payment,start
475,6017873,2026-03-01 00:34:50,home,view
476,6012856,2026-03-01 00:34:53,home,view
477,6001752,2026-03-01 00:34:55,bill_payment,start
478,6021887,2026-03-01 00:34:57,bill_payment,view
479,6011697,2026-03-01 00:35:18,bill_payment,view
480,6011548,2026-03-01 00:35:20,bill_payment,view
481,6024548,2026-03-01 00:35:22,home,view
482,6017376,2026-03-01 00:35:26,bill_payment,start
483,6023307,2026-03-01 00:35:27,bill_payment,start
484,6004802,2026-03-01 00:35:49,bill_payment,start
485,6027812,2026-03-01 00:35:53,bill_payment,start
486,6018980,2026-03-01 00:35:57,home,view
487,6031774,2026-03-01 00:35:58,bill_payment,view
488,6030131,2026-03-01 00:36:03,savings_cajita,start
489,6021235,2026-03-01 00:36:05,savings_cajita,view
490,6018227,2026-03-01 00:36:05,home,view
491,6018643,2026-03-01 00:36:13,home,view
492,6016368,2026-03-01 00:36:20,card_statement,view
493,6033099,2026-03-01 00:36:21,transfer_spei,start
494,6018606,2026-03-01 00:36:40,home,start
495,6011579,2026-03-01 00:36:43,home,start
496,6019637,2026-03-01 00:36:51,home,view
497,6004770,2026-03-01 00:36:51,home,start
498,6011247,2026-03-01 00:36:56,home,view
499,6020857,2026-03-01 00:37:06,savings_cajita,view
500,6033847,2026-03-01 00:37:09,transfer_spei,start
501,6026088,2026-03-01 00:37:10,home,view
502,6003652,2026-03-01 00:37:16,home,view
503,6020168,2026-03-01 00:37:23,bill_payment,view
504,6034099,2026-03-01 00:37:28,home,start
505,6025669,2026-03-01 00:37:39,savings_cajita,view
506,6025849,2026-03-01 00:37:39,home,view
507,6023858,2026-03-01 00:37:39,home,start
508,6004800,2026-03-01 00:37:48,home,view
509,6014240,2026-03-01 00:37:53,bill_payment,view
510,6012742,2026-03-01 00:37:55,savings_cajita,view
511,6017805,2026-03-01 00:37:56,savings_cajita,view
512,6037969,2026-03-01 00:37:59,transfer_spei,view
513,6018632,2026-03-01 00:38:29,savings_cajita,start
514,6022341,2026-03-01 00:38:31,home,view
515,6030444,2026-03-01 00:38:32,savings_cajita,start
516,6028858,2026-03-01 00:38:34,savings_cajita,view
517,6013004,2026-03-01 00:38:44,home,start
518,6006527,2026-03-01 00:38:45,bill_payment,start
519,6022806,2026-03-01 00:38:48,home,view
520,6002412,2026-03-01 00:38:51,bill_payment,start
521,6004465,2026-03-01 00:38:59,bill_payment,view
522,6022459,2026-03-01 00:39:01,limit_increase,start
523,6009532,2026-03-01 00:39:05,bill_payment,view
524,6021160,2026-03-01 00:39:10,home,start
525,6001503,2026-03-01 00:39:12,bill_payment,view
526,6020653,2026-03-01 00:39:13,bill_payment,view
527,6012937,2026-03-01 00:39:17,savings_cajita,start
528,6030425,2026-03-01 00:39:27,savings_cajita,view
529,6017583,2026-03-01 00:39:29,bill_payment,view
530,6009556,2026-03-01 00:39:32,savings_cajita,view
531,6007900,2026-03-01 00:39:42,savings_cajita,start
532,6028884,2026-03-01 00:39:45,bill_payment,view
533,6008857,2026-03-01 00:39:51,home,start
534,6020820,2026-03-01 00:39:53,savings_cajita,start
535,6032116,2026-03-01 00:39:56,savings_cajita,start
536,6034121,2026-03-01 00:39:56,savings_cajita,view
537,6033206,2026-03-01 00:39:56,card_statement,view
538,6028862,2026-03-01 00:40:12,bill_payment,view
539,6004462,2026-03-01 00:40:16,home,start
540,6023292,2026-03-01 00:40:17,bill_payment,view
541,6025055,2026-03-01 00:40:24,home,start
542,6025007,2026-03-01 00:40:24,bill_payment,view
543,6030689,2026-03-01 00:40:33,home,start
544,6020380,2026-03-01 00:40:36,bill_payment,view
545,6019159,2026-03-01 00:40:39,home,view
546,6011476,2026-03-01 00:40:40,card_statement,start
547,6032554,2026-03-01 00:40:40,savings_cajita,start
548,6010587,2026-03-01 00:40:44,home,start
549,6016148,2026-03-01 00:40:46,card_statement,start
550,6032039,2026-03-01 00:40:58,transfer_spei,view
551,6017674,2026-03-01 00:41:02,card_statement,view
552,6034504,2026-03-01 00:41:03,home,view
553,6019525,2026-03-01 00:41:10,bill_payment,start
554,6026746,2026-03-01 00:41:14,bill_payment,view
555,6009463,2026-03-01 00:41:17,home,start
556,6030223,2026-03-01 00:41:18,bill_payment,view
557,6015548,2026-03-01 00:41:20,home,start
558,6024602,2026-03-01 00:41:23,home,view
559,6010153,2026-03-01 00:41:23,home,view
560,6005922,2026-03-01 00:41:24,home,start
561,6004763,2026-03-01 00:41:34,bill_payment,view
562,6025727,2026-03-01 00:41:39,bill_payment,view
563,6012978,2026-03-01 00:41:39,home,view
564,6004428,2026-03-01 00:41:40,bill_payment,view
565,6006709,2026-03-01 00:41:42,bill_payment,start
566,6001180,2026-03-01 00:41:42,limit_increase,view
567,6019218,2026-03-01 00:41:55,bill_payment,start
568,6006152,2026-03-01 00:42:07,savings_cajita,view
569,6003448,2026-03-01 00:42:14,bill_payment,view
570,6030782,2026-03-01 00:42:18,bill_payment,view
571,6011856,2026-03-01 00:42:18,bill_payment,view
572,6020496,2026-03-01 00:42:20,home,view
573,6012724,2026-03-01 00:42:22,home,view
574,6026102,2026-03-01 00:42:23,bill_payment,start
575,6026497,2026-03-01 00:42:23,bill_payment,view
576,6034945,2026-03-01 00:42:27,savings_cajita,view
577,6023778,2026-03-01 00:42:40,home,start
578,6025920,2026-03-01 00:42:44,savings_cajita,start
579,6007317,2026-03-01 00:42:48,home,start
580,6030563,2026-03-01 00:42:48,savings_cajita,view
581,6000387,2026-03-01 00:42:52,home,view
582,6024619,2026-03-01 00:42:54,bill_payment,view
583,6008452,2026-03-01 00:42:58,savings_cajita,start
584,6035167,2026-03-01 00:42:59,bill_payment,view
585,6010759,2026-03-01 00:43:00,bill_payment,start
586,6011254,2026-03-01 00:43:00,home,start
587,6027674,2026-03-01 00:43:09,bill_payment,start
588,6000267,2026-03-01 00:43:18,bill_payment,view
589,6023680,2026-03-01 00:43:19,savings_cajita,start
590,6013676,2026-03-01 00:43:23,home,view
591,6001114,2026-03-01 00:43:25,home,view
592,6029750,2026-03-01 00:43:28,savings_cajita,view
593,6037822,2026-03-01 00:43:35,home,start
594,6000332,2026-03-01 00:43:37,bill_payment,view
595,6033638,2026-03-01 00:43:41,home,start
596,6034418,2026-03-01 00:43:48,bill_payment,view
597,6019251,2026-03-01 00:43:49,savings_cajita,view
598,6021930,2026-03-01 00:44:07,bill_payment,view
599,6001473,2026-03-01 00:44:08,savings_cajita,view
600,6031105,2026-03-01 00:44:09,bill_payment,start
601,6035016,2026-03-01 00:44:19,home,view
602,6019469,2026-03-01 00:44:22,savings_cajita,view
603,6020330,2026-03-01 00:44:26,savings_cajita,view
604,6006402,2026-03-01 00:44:28,transfer_spei,start
605,6016026,2026-03-01 00:44:34,bill_payment,view
606,6011238,2026-03-01 00:44:38,card_statement,view
607,6022989,2026-03-01 00:44:39,bill_payment,start
608,6005601,2026-03-01 00:44:41,home,view
609,6004536,2026-03-01 00:44:42,home,view
610,6006246,2026-03-01 00:44:47,home,view
611,6011460,2026-03-01 00:44:48,savings_cajita,start
612,6005235,2026-03-01 00:44:56,bill_payment,start
613,6017288,2026-03-01 00:44:58,transfer_spei,start
614,6012118,2026-03-01 00:45:14,home,view
615,6006417,2026-03-01 00:45:24,savings_cajita,view
616,6004396,2026-03-01 00:45:25,savings_cajita,start
617,6029645,2026-03-01 00:45:26,savings_cajita,start
618,6004509,2026-03-01 00:45:28,savings_cajita,start
619,6020871,2026-03-01 00:45:43,home,view
620,6029253,2026-03-01 00:45:44,home,start
621,6032717,2026-03-01 00:45:58,bill_payment,view
622,6030818,2026-03-01 00:46:01,bill_payment,start
623,6016826,2026-03-01 00:46:02,bill_payment,view
624,6027898,2026-03-01 00:46:05,home,view
625,6028442,2026-03-01 00:46:15,bill_payment,start
626,6003605,2026-03-01 00:46:25,home,start
627,6027804,2026-03-01 00:46:27,home,view
628,6000426,2026-03-01 00:46:36,bill_payment,start
629,6030176,2026-03-01 00:46:40,bill_payment,view
630,6027305,2026-03-01 00:46:44,home,view
631,6013199,2026-03-01 00:46:44,savings_cajita,start
632,6021740,2026-03-01 00:46:45,home,start
633,6016750,2026-03-01 00:46:46,card_statement,view
634,6029552,2026-03-01 00:47:04,card_statement,view
635,6018406,2026-03-01 00:47:04,home,start
636,6004636,2026-03-01 00:47:07,home,start
637,6003573,2026-03-01 00:47:09,home,view
638,6015180,2026-03-01 00:47:10,savings_cajita,start
639,6035855,2026-03-01 00:47:12,transfer_spei,view
640,6028353,2026-03-01 00:47:18,home,view
641,6007097,2026-03-01 00:47:20,bill_payment,view
642,6012346,2026-03-01 00:47:20,home,view
643,6015805,2026-03-01 00:47:37,bill_payment,view
644,6018311,2026-03-01 00:47:39,bill_payment,view
645,6016870,2026-03-01 00:47:42,home,view
646,6020697,2026-03-01 00:47:43,bill_payment,view
647,6023252,2026-03-01 00:47:54,savings_cajita,start
648,6019785,2026-03-01 00:48:08,bill_payment,view
649,6011942,2026-03-01 00:48:17,savings_cajita,view
650,6002357,2026-03-01 00:48:22,bill_payment,view
651,6029724,2026-03-01 00:48:23,bill_payment,start
652,6016223,2026-03-01 00:48:23,home,view
653,6006921,2026-03-01 00:48:31,home,view
654,6011374,2026-03-01 00:48:31,bill_payment,start
655,6029917,2026-03-01 00:48:34,home,start
656,6017437,2026-03-01 00:48:35,home,view
657,6000531,2026-03-01 00:48:39,home,start
658,6002986,2026-03-01 00:48:55,bill_payment,view
659,6025881,2026-03-01 00:48:56,bill_payment,start
660,6018991,2026-03-01 00:48:59,home,start
661,6032662,2026-03-01 00:49:02,home,start
662,6033895,2026-03-01 00:49:15,bill_payment,start
663,6009559,2026-03-01 00:49:19,home,start
664,6006948,2026-03-01 00:49:23,home,start
665,6029552,2026-03-01 00:49:31,card_statement,start
666,6024116,2026-03-01 00:49:43,bill_payment,view
667,6013657,2026-03-01 00:49:45,bill_payment,start
668,6012415,2026-03-01 00:49:45,savings_cajita,view
669,6011254,2026-03-01 00:49:45,home,view
670,6033747,2026-03-01 00:49:49,savings_cajita,view
671,6019022,2026-03-01 00:49:52,home,start
672,6004872,2026-03-01 00:49:55,home,start
673,6022987,2026-03-01 00:49:55,home,view
674,6023049,2026-03-01 00:49:57,home,view
675,6004520,2026-03-01 00:49:59,home,view
676,6028820,2026-03-01 00:50:00,home,view
677,6003574,2026-03-01 00:50:01,home,start
678,6004119,2026-03-01 00:50:03,home,view
679,6036063,2026-03-01 00:50:04,home,view
680,6021733,2026-03-01 00:50:23,bill_payment,start
681,6033101,2026-03-01 00:50:27,savings_cajita,start
682,6016786,2026-03-01 00:50:32,card_statement,start
683,6001023,2026-03-01 00:50:35,savings_cajita,view
684,6037545,2026-03-01 00:50:52,home,start
685,6015339,2026-03-01 00:50:54,bill_payment,view
686,6008060,2026-03-01 00:50:57,bill_payment,start
687,6029134,2026-03-01 00:51:02,savings_cajita,view
688,6029461,2026-03-01 00:51:03,home,start
689,6008200,2026-03-01 00:51:05,transfer_spei,view
690,6011997,2026-03-01 00:51:07,home,view
691,6031334,2026-03-01 00:51:07,home,start
692,6005274,2026-03-01 00:51:08,home,view
693,6027090,2026-03-01 00:51:37,home,start
694,6005900,2026-03-01 00:51:38,bill_payment,view
695,6017677,2026-03-01 00:51:45,home,view
696,6028789,2026-03-01 00:51:45,bill_payment,view
697,6014371,2026-03-01 00:51:51,transfer_spei,start
698,6027376,2026-03-01 00:51:54,bill_payment,view
699,6027786,2026-03-01 00:51:55,bill_payment,start
700,6001978,2026-03-01 00:51:59,bill_payment,start
701,6015790,2026-03-01 00:52:01,home,view
702,6020676,2026-03-01 00:52:01,bill_payment,view
703,6015207,2026-03-01 00:52:03,home,start
704,6034906,2026-03-01 00:52:07,bill_payment,start
705,6030466,2026-03-01 00:52:10,savings_cajita,view
706,6035031,2026-03-01 00:52:11,bill_payment,start
707,6032128,2026-03-01 00:52:12,bill_payment,view
708,6001980,2026-03-01 00:52:12,home,view
709,6023917,2026-03-01 00:52:15,savings_cajita,start
710,6031136,2026-03-01 00:52:17,home,view
711,6001498,2026-03-01 00:52:24,home,view
712,6031996,2026-03-01 00:52:27,bill_payment,view
713,6018316,2026-03-01 00:52:31,home,view
714,6008379,2026-03-01 00:52:32,home,view
715,6030085,2026-03-01 00:52:34,bill_payment,start
716,6008328,2026-03-01 00:52:37,bill_payment,view
717,6011620,2026-03-01 00:52:38,transfer_spei,start
718,6034833,2026-03-01 00:52:38,home,view
719,6001247,2026-03-01 00:52:41,savings_cajita,start
720,6028085,2026-03-01 00:52:44,savings_cajita,start
721,6033324,2026-03-01 00:53:02,home,start
722,6024524,2026-03-01 00:53:02,bill_payment,view
723,6022414,2026-03-01 00:53:03,home,view
724,6013608,2026-03-01 00:53:08,bill_payment,view
725,6028108,2026-03-01 00:53:19,savings_cajita,start
726,6036921,2026-03-01 00:53:19,bill_payment,view
727,6005993,2026-03-01 00:53:20,savings_cajita,view
728,6011949,2026-03-01 00:53:24,bill_payment,view
729,6033130,2026-03-01 00:53:24,home,start
730,6020413,2026-03-01 00:53:30,savings_cajita,view
731,6030845,2026-03-01 00:53:32,home,view
732,6013046,2026-03-01 00:53:36,home,view
733,6006419,2026-03-01 00:53:38,home,start
734,6006276,2026-03-01 00:53:41,transfer_spei,view
735,6020527,2026-03-01 00:53:42,transfer_spei,start
736,6012367,2026-03-01 00:53:43,savings_cajita,view
737,6023568,2026-03-01 00:53:46,transfer_spei,view
738,6020275,2026-03-01 00:53:47,home,view
739,6010861,2026-03-01 00:53:49,home,view
740,6013572,2026-03-01 00:53:52,home,view
741,6000681,2026-03-01 00:53:55,home,start
742,6036834,2026-03-01 00:53:57,bill_payment,view
743,6023852,2026-03-01 00:54:00,home,start
744,6035470,2026-03-01 00:54:19,home,view
745,6025978,2026-03-01 00:54:20,home,start
746,6028705,2026-03-01 00:54:24,card_statement,view
747,6030369,2026-03-01 00:54:24,card_statement,view
748,6023901,2026-03-01 00:54:25,savings_cajita,start
749,6024803,2026-03-01 00:54:44,savings_cajita,view
750,6031752,2026-03-01 00:54:51,bill_payment,start
751,6015813,2026-03-01 00:54:55,savings_cajita,view
752,6000583,2026-03-01 00:54:56,savings_cajita,start
753,6024382,2026-03-01 00:55:07,home,start
754,6016835,2026-03-01 00:55:12,savings_cajita,view
755,6006922,2026-03-01 00:55:13,bill_payment,view
756,6032684,2026-03-01 00:55:15,bill_payment,view
757,6028582,2026-03-01 00:55:35,home,view
758,6023139,2026-03-01 00:55:55,home,view
759,6006019,2026-03-01 00:55:56,home,view
760,6024456,2026-03-01 00:55:56,home,view
761,6014830,2026-03-01 00:56:09,home,start
762,6024944,2026-03-01 00:56:10,bill_payment,view
763,6025153,2026-03-01 00:56:20,card_statement,view
764,6033506,2026-03-01 00:56:26,savings_cajita,view
765,6029798,2026-03-01 00:56:27,card_statement,view
766,6006349,2026-03-01 00:56:35,home,view
767,6022626,2026-03-01 00:56:37,home,start
768,6005373,2026-03-01 00:56:44,card_statement,view
769,6014202,2026-03-01 00:56:44,card_statement,view
770,6013359,2026-03-01 00:56:48,savings_cajita,view
771,6031700,2026-03-01 00:56:55,bill_payment,start
772,6007507,2026-03-01 00:56:59,transfer_spei,start
773,6009828,2026-03-01 00:57:05,bill_payment,view
774,6017393,2026-03-01 00:57:11,bill_payment,start
775,6011665,2026-03-01 00:57:13,bill_payment,view
776,6003376,2026-03-01 00:57:17,bill_payment,start
777,6025524,2026-03-01 00:57:19,home,view
778,6005353,2026-03-01 00:57:19,bill_payment,start
779,6010397,2026-03-01 00:57:23,bill_payment,view
780,6030995,2026-03-01 00:57:24,bill_payment,view
781,6026118,2026-03-01 00:57:26,bill_payment,start
782,6030928,2026-03-01 00:57:27,savings_cajita,start
783,6021930,2026-03-01 00:57:30,savings_cajita,start
784,6007966,2026-03-01 00:57:33,savings_cajita,view
785,6002971,2026-03-01 00:57:34,bill_payment,view
786,6009038,2026-03-01 00:57:35,home,start
787,6002353,2026-03-01 00:57:35,home,view
788,6005920,2026-03-01 00:57:43,transfer_spei,view
789,6005054,2026-03-01 00:57:47,home,view
790,6032860,2026-03-01 00:57:53,bill_payment,start
791,6025592,2026-03-01 00:57:58,home,view
792,6025373,2026-03-01 00:58:00,bill_payment,start
793,6017431,2026-03-01 00:58:02,bill_payment,view
794,6031457,2026-03-01 00:58:04,limit_increase,start
795,6001215,2026-03-01 00:58:05,bill_payment,view
796,6000666,2026-03-01 00:58:07,card_statement,view
797,6034308,2026-03-01 00:58:21,bill_payment,start
798,6007684,2026-03-01 00:58:21,home,view
799,6009370,2026-03-01 00:58:25,bill_payment,view
800,6037381,2026-03-01 00:58:28,transfer_spei,view
801,6017676,2026-03-01 00:58:33,savings_cajita,start
802,6013134,2026-03-01 00:58:50,bill_payment,view
803,6024890,2026-03-01 00:59:01,investments,view
804,6030112,2026-03-01 00:59:12,home,view
805,6028428,2026-03-01 00:59:15,bill_payment,view
806,6005472,2026-03-01 00:59:18,savings_cajita,view
807,6033101,2026-03-01 00:59:21,savings_cajita,start
808,6006471,2026-03-01 00:59:22,card_statement,start
809,6016243,2026-03-01 00:59:28,home,start
810,6033170,2026-03-01 00:59:31,bill_payment,start
811,6011317,2026-03-01 00:59:33,home,view
812,6010619,2026-03-01 00:59:33,bill_payment,view
813,6029667,2026-03-01 00:59:35,bill_payment,start
814,6010519,2026-03-01 00:59:41,bill_payment,view
815,6008809,2026-03-01 00:59:48,transfer_spei,view
816,6005761,2026-03-01 01:00:12,home,view
817,6003765,2026-03-01 01:00:13,home,view
818,6019401,2026-03-01 01:00:16,home,view
819,6013184,2026-03-01 01:00:32,home,start
820,6013956,2026-03-01 01:00:33,savings_cajita,view
821,6019942,2026-03-01 01:00:40,savings_cajita,view
822,6008173,2026-03-01 01:00:40,savings_cajita,view
823,6036773,2026-03-01 01:00:45,home,view
824,6008392,2026-03-01 01:00:55,bill_payment,view
825,6013853,2026-03-01 01:01:03,bill_payment,view
826,6019868,2026-03-01 01:01:04,bill_payment,start
827,6009221,2026-03-01 01:01:12,transfer_spei,start
828,6022664,2026-03-01 01:01:25,bill_payment,view
829,6009808,2026-03-01 01:01:35,bill_payment,view
830,6007387,2026-03-01 01:01:37,bill_payment,view
831,6031981,2026-03-01 01:01:38,home,view
832,6035717,2026-03-01 01:01:46,card_statement,view
833,6003432,2026-03-01 01:01:47,bill_payment,start
834,6027173,2026-03-01 01:01:48,bill_payment,start
835,6030547,2026-03-01 01:01:55,transfer_spei,view
836,6016286,2026-03-01 01:01:55,bill_payment,view
837,6025465,2026-03-01 01:02:01,bill_payment,view
838,6012169,2026-03-01 01:02:08,home,view
839,6023223,2026-03-01 01:02:14,home,view
840,6031055,2026-03-01 01:02:15,home,view
841,6005174,2026-03-01 01:02:18,home,view
842,6031083,2026-03-01 01:02:19,bill_payment,view
843,6037685,2026-03-01 01:02:20,transfer_spei,view
844,6025424,2026-03-01 01:02:36,savings_cajita,view
845,6036428,2026-03-01 01:02:40,savings_cajita,start
846,6029291,2026-03-01 01:02:43,bill_payment,view
847,6036352,2026-03-01 01:02:45,home,view
848,6034796,2026-03-01 01:02:46,bill_payment,view
849,6007675,2026-03-01 01:02:49,home,view
850,6033534,2026-03-01 01:02:52,card_statement,view
851,6036794,2026-03-01 01:02:52,home,start
852,6016643,2026-03-01 01:03:04,bill_payment,view
853,6001620,2026-03-01 01:03:06,savings_cajita,view
854,6030706,2026-03-01 01:03:07,home,view
855,6032333,2026-03-01 01:03:12,bill_payment,start
856,6016631,2026-03-01 01:03:15,bill_payment,view
857,6003944,2026-03-01 01:03:18,home,view
858,6013649,2026-03-01 01:03:22,home,view
859,6020648,2026-03-01 01:03:35,bill_payment,view
860,6035088,2026-03-01 01:03:38,home,start
861,6016192,2026-03-01 01:03:38,home,view
862,6004839,2026-03-01 01:03:50,savings_cajita,start
863,6009017,2026-03-01 01:03:54,bill_payment,start
864,6011644,2026-03-01 01:03:56,investments,start
865,6034103,2026-03-01 01:04:00,home,start
866,6008159,2026-03-01 01:04:01,savings_cajita,view
867,6029850,2026-03-01 01:04:03,home,view
868,6001645,2026-03-01 01:04:10,bill_payment,view
869,6002979,2026-03-01 01:04:14,savings_cajita,view
870,6000019,2026-03-01 01:04:16,card_statement,view
871,6004330,2026-03-01 01:04:22,home,view
872,6021548,2026-03-01 01:04:22,transfer_spei,view
873,6015465,2026-03-01 01:04:23,home,view
874,6026950,2026-03-01 01:04:23,card_statement,start
875,6011103,2026-03-01 01:04:26,home,view
876,6034131,2026-03-01 01:04:30,savings_cajita,view
877,6008147,2026-03-01 01:04:37,savings_cajita,view
878,6013211,2026-03-01 01:04:45,bill_payment,view
879,6025318,2026-03-01 01:04:47,bill_payment,view
880,6002780,2026-03-01 01:04:50,bill_payment,start
881,6027392,2026-03-01 01:04:53,home,view
882,6009583,2026-03-01 01:04:57,savings_cajita,view
883,6007820,2026-03-01 01:05:02,bill_payment,view
884,6026010,2026-03-01 01:05:03,bill_payment,view
885,6016849,2026-03-01 01:05:07,home,start
886,6023218,2026-03-01 01:05:11,bill_payment,view
887,6035649,2026-03-01 01:05:13,home,view
888,6021634,2026-03-01 01:05:15,bill_payment,view
889,6022254,2026-03-01 01:05:19,bill_payment,view
890,6004053,2026-03-01 01:05:22,bill_payment,view
891,6035131,2026-03-01 01:05:27,bill_payment,view
892,6022450,2026-03-01 01:05:33,bill_payment,view
893,6031803,2026-03-01 01:05:35,home,start
894,6035854,2026-03-01 01:05:42,home,view
895,6006084,2026-03-01 01:05:49,transfer_spei,start
896,6012574,2026-03-01 01:05:49,savings_cajita,view
897,6013263,2026-03-01 01:05:51,savings_cajita,start
898,6025874,2026-03-01 01:05:54,home,view
899,6008691,2026-03-01 01:05:55,home,view
900,6034808,2026-03-01 01:05:56,savings_cajita,view
901,6011852,2026-03-01 01:05:56,savings_cajita,start
902,6028474,2026-03-01 01:06:01,bill_payment,start
903,6036396,2026-03-01 01:06:03,bill_payment,view
904,6023745,2026-03-01 01:06:07,home,view
905,6009577,2026-03-01 01:06:23,bill_payment,view
906,6024912,2026-03-01 01:06:30,bill_payment,view
907,6021849,2026-03-01 01:06:45,home,start
908,6008145,2026-03-01 01:06:46,home,view
909,6032594,2026-03-01 01:06:49,bill_payment,view
910,6029656,2026-03-01 01:06:52,bill_payment,start
911,6025592,2026-03-01 01:07:06,savings_cajita,view
912,6008618,2026-03-01 01:07:13,bill_payment,view
913,6018881,2026-03-01 01:07:23,bill_payment,view
914,6001179,2026-03-01 01:07:26,bill_payment,start
915,6023314,2026-03-01 01:07:39,home,start
916,6022133,2026-03-01 01:07:41,home,start
917,6024698,2026-03-01 01:07:42,bill_payment,view
918,6009045,2026-03-01 01:07:44,home,view
919,6011254,2026-03-01 01:07:47,home,view
920,6021782,2026-03-01 01:07:53,home,view
921,6026574,2026-03-01 01:07:53,savings_cajita,start
922,6024504,2026-03-01 01:07:53,bill_payment,view
923,6022124,2026-03-01 01:07:57,home,view
924,6006366,2026-03-01 01:07:57,bill_payment,start
925,6011608,2026-03-01 01:07:58,savings_cajita,start
926,6029327,2026-03-01 01:07:58,transfer_spei,view
927,6027411,2026-03-01 01:08:01,home,view
928,6024382,2026-03-01 01:08:02,home,view
929,6011362,2026-03-01 01:08:02,transfer_spei,view
930,6008069,2026-03-01 01:08:09,home,start
931,6004674,2026-03-01 01:08:20,home,view
932,6034180,2026-03-01 01:08:20,bill_payment,start
933,6017027,2026-03-01 01:08:23,home,view
934,6032081,2026-03-01 01:08:48,bill_payment,view
935,6020022,2026-03-01 01:08:58,home,view
936,6011360,2026-03-01 01:09:03,loan_simulation,view
937,6026847,2026-03-01 01:09:03,home,view
938,6029516,2026-03-01 01:09:21,home,start
939,6032880,2026-03-01 01:09:22,savings_cajita,start
940,6027299,2026-03-01 01:09:22,card_statement,view
941,6005390,2026-03-01 01:09:23,transfer_spei,start
942,6014033,2026-03-01 01:09:27,home,view
943,6019490,2026-03-01 01:09:30,bill_payment,view
944,6009885,2026-03-01 01:09:31,home,view
945,6011589,2026-03-01 01:09:33,home,view
946,6036454,2026-03-01 01:09:33,bill_payment,view
947,6033874,2026-03-01 01:09:34,home,start
948,6036821,2026-03-01 01:09:35,home,view
949,6028496,2026-03-01 01:09:39,savings_cajita,view
950,6019078,2026-03-01 01:09:45,home,start
951,6032074,2026-03-01 01:09:48,bill_payment,start
952,6027581,2026-03-01 01:09:49,home,start
953,6036710,2026-03-01 01:09:52,bill_payment,start
954,6009032,2026-03-01 01:09:57,savings_cajita,view
955,6006845,2026-03-01 01:10:04,home,view
956,6006759,2026-03-01 01:10:13,card_statement,view
957,6016756,2026-03-01 01:10:13,savings_cajita,start
958,6021665,2026-03-01 01:10:19,home,view
959,6019642,2026-03-01 01:10:25,bill_payment,view
960,6026420,2026-03-01 01:10:25,transfer_spei,view
961,6019519,2026-03-01 01:10:28,savings_cajita,view
962,6001974,2026-03-01 01:10:30,savings_cajita,view
963,6028229,2026-03-01 01:10:43,home,view
964,6009076,2026-03-01 01:10:45,home,view
965,6029750,2026-03-01 01:10:47,savings_cajita,view
966,6029088,2026-03-01 01:10:49,home,start
967,6037839,2026-03-01 01:10:58,savings_cajita,start
968,6020933,2026-03-01 01:10:59,bill_payment,view
969,6015439,2026-03-01 01:11:13,savings_cajita,view
970,6004291,2026-03-01 01:11:14,home,start
971,6028034,2026-03-01 01:11:24,home,start
972,6014795,2026-03-01 01:11:27,home,view
973,6037465,2026-03-01 01:11:27,home,start
974,6008999,2026-03-01 01:11:35,home,view
975,6037269,2026-03-01 01:11:35,savings_cajita,view
976,6010901,2026-03-01 01:11:43,home,view
977,6010146,2026-03-01 01:11:43,savings_cajita,view
978,6010163,2026-03-01 01:11:49,bill_payment,view
979,6028155,2026-03-01 01:11:55,transfer_spei,start
980,6000815,2026-03-01 01:11:55,home,start
981,6020776,2026-03-01 01:12:02,bill_payment,view
982,6028753,2026-03-01 01:12:02,savings_cajita,view
983,6014972,2026-03-01 01:12:09,savings_cajita,start
984,6020629,2026-03-01 01:12:12,home,start
985,6035537,2026-03-01 01:12:13,bill_payment,start
986,6009743,2026-03-01 01:12:14,card_statement,view
987,6006223,2026-03-01 01:12:18,loan_simulation,view
988,6031066,2026-03-01 01:12:18,home,view
989,6001670,2026-03-01 01:12:20,home,start
990,6003463,2026-03-01 01:12:22,bill_payment,view
991,6018631,2026-03-01 01:12:25,home,view
992,6032171,2026-03-01 01:12:25,home,view
993,6028928,2026-03-01 01:12:26,bill_payment,view
994,6004731,2026-03-01 01:12:36,savings_cajita,view
995,6016063,2026-03-01 01:12:41,home,start
996,6017079,2026-03-01 01:12:51,home,view
997,6028169,2026-03-01 01:12:55,bill_payment,start
998,6029145,2026-03-01 01:13:01,home,view
999,6024847,2026-03-01 01:13:01,home,view
1000,6023873,2026-03-01 01:13:01,home,view
