action_id,customer_id,action_ts,action_type,amount_mxn,is_recurring
1,6009985,2026-03-01 06:00:01,bill_payment,1322.02,False
2,6034997,2026-03-01 06:00:02,savings_move,817.67,False
3,6029108,2026-03-01 06:00:03,bill_payment,1215.53,True
4,6032361,2026-03-01 06:00:03,deposit_in,13118.95,False
5,6020198,2026-03-01 06:00:11,savings_move,4540.21,False
6,6005200,2026-03-01 06:00:12,spei_out,2658.1,False
7,6008940,2026-03-01 06:00:13,deposit_in,16168.57,False
8,6020410,2026-03-01 06:00:17,bill_payment,530.08,False
9,6022055,2026-03-01 06:00:18,deposit_in,3097.36,True
10,6018089,2026-03-01 06:00:26,bill_payment,1816.53,True
11,6018002,2026-03-01 06:00:31,bill_payment,1980.76,True
12,6033415,2026-03-01 06:00:33,deposit_in,14153.35,False
13,6030174,2026-03-01 06:00:34,deposit_in,15882.75,False
14,6010862,2026-03-01 06:00:37,deposit_in,15708.15,False
15,6006181,2026-03-01 06:00:39,spei_out,3288.31,False
16,6031673,2026-03-01 06:00:42,savings_move,1271.04,False
17,6034310,2026-03-01 06:00:50,spei_out,84.02,False
18,6020817,2026-03-01 06:00:50,savings_move,2298.57,False
19,6015225,2026-03-01 06:00:51,bill_payment,1439.59,True
20,6022040,2026-03-01 06:00:52,limit_increase_request,44496.71,False
21,6029430,2026-03-01 06:00:54,bill_payment,1118.33,True
22,6000443,2026-03-01 06:00:57,savings_move,1928.27,False
23,6036211,2026-03-01 06:00:58,deposit_in,20712.99,True
24,6014664,2026-03-01 06:01:02,savings_move,8264.43,False
25,6008893,2026-03-01 06:01:11,bill_payment,948.32,False
26,6032659,2026-03-01 06:01:13,bill_payment,2380.73,True
27,6026807,2026-03-01 06:01:14,deposit_in,4163.0,False
28,6031778,2026-03-01 06:01:15,deposit_in,34809.43,False
29,6035579,2026-03-01 06:01:15,bill_payment,2213.07,False
30,6029412,2026-03-01 06:01:16,deposit_in,7352.84,True
31,6017898,2026-03-01 06:01:18,limit_increase_request,21649.88,False
32,6002640,2026-03-01 06:01:23,bill_payment,375.43,False
33,6026066,2026-03-01 06:01:24,deposit_in,8342.06,True
34,6028497,2026-03-01 06:01:31,bill_payment,351.5,False
35,6010264,2026-03-01 06:01:39,limit_increase_request,12746.3,False
36,6007123,2026-03-01 06:01:39,bill_payment,1580.35,False
37,6036459,2026-03-01 06:01:40,deposit_in,8623.84,True
38,6020549,2026-03-01 06:01:40,deposit_in,10275.65,False
39,6013910,2026-03-01 06:01:40,bill_payment,1234.12,True
40,6018214,2026-03-01 06:01:42,bill_payment,2583.01,True
41,6012094,2026-03-01 06:01:47,deposit_in,38912.71,True
42,6015798,2026-03-01 06:01:48,savings_move,574.01,False
43,6024382,2026-03-01 06:01:50,savings_move,2791.44,False
44,6018588,2026-03-01 06:01:51,deposit_in,29114.14,True
45,6036477,2026-03-01 06:01:52,bill_payment,594.36,False
46,6023789,2026-03-01 06:01:53,bill_payment,2253.39,True
47,6015941,2026-03-01 06:01:53,bill_payment,2475.36,True
48,6002128,2026-03-01 06:02:02,deposit_in,10228.87,True
49,6001474,2026-03-01 06:02:04,deposit_in,3730.7,False
50,6035504,2026-03-01 06:02:09,savings_move,3031.19,True
51,6024668,2026-03-01 06:02:11,deposit_in,19656.83,True
52,6031511,2026-03-01 06:02:13,deposit_in,11916.72,False
53,6002933,2026-03-01 06:02:15,deposit_in,6120.24,True
54,6030035,2026-03-01 06:02:16,bill_payment,201.21,True
55,6012434,2026-03-01 06:02:17,spei_out,6785.74,False
56,6002893,2026-03-01 06:02:20,savings_move,1455.4,False
57,6035258,2026-03-01 06:02:21,deposit_in,14727.15,False
58,6016906,2026-03-01 06:02:22,spei_out,2147.86,False
59,6000470,2026-03-01 06:02:23,deposit_in,16170.81,False
60,6033562,2026-03-01 06:02:25,bill_payment,2342.12,True
61,6013927,2026-03-01 06:02:26,deposit_in,5195.25,False
62,6035954,2026-03-01 06:02:28,spei_out,7475.38,False
63,6002708,2026-03-01 06:02:36,card_payment,5843.02,False
64,6005901,2026-03-01 06:02:45,savings_move,1791.04,False
65,6019947,2026-03-01 06:02:48,deposit_in,4143.82,True
66,6029723,2026-03-01 06:02:53,bill_payment,1785.98,True
67,6013579,2026-03-01 06:02:58,deposit_in,9794.26,False
68,6035697,2026-03-01 06:03:01,deposit_in,14521.75,False
69,6008428,2026-03-01 06:03:04,deposit_in,21142.52,False
70,6030912,2026-03-01 06:03:06,deposit_in,12796.81,True
71,6005609,2026-03-01 06:03:10,deposit_in,12432.5,True
72,6022734,2026-03-01 06:03:11,bill_payment,1121.57,False
73,6009936,2026-03-01 06:03:11,bill_payment,2392.64,False
74,6020865,2026-03-01 06:03:12,bill_payment,1778.68,True
75,6012391,2026-03-01 06:03:15,deposit_in,22141.89,True
76,6028332,2026-03-01 06:03:16,deposit_in,8156.69,True
77,6023300,2026-03-01 06:03:17,deposit_in,8904.09,True
78,6016537,2026-03-01 06:03:19,savings_move,1000.04,False
79,6017621,2026-03-01 06:03:24,bill_payment,2166.25,True
80,6009873,2026-03-01 06:03:24,deposit_in,56127.88,False
81,6030425,2026-03-01 06:03:26,savings_move,3391.71,False
82,6037734,2026-03-01 06:03:27,bill_payment,2519.04,True
83,6001907,2026-03-01 06:03:29,deposit_in,25213.14,False
84,6005140,2026-03-01 06:03:31,deposit_in,14976.65,True
85,6034497,2026-03-01 06:03:35,deposit_in,25975.53,True
86,6015196,2026-03-01 06:03:36,deposit_in,7861.83,True
87,6006289,2026-03-01 06:03:40,savings_move,1471.51,False
88,6027674,2026-03-01 06:03:46,bill_payment,1878.98,False
89,6032822,2026-03-01 06:03:47,card_payment,4992.69,False
90,6024462,2026-03-01 06:04:04,deposit_in,23566.9,True
91,6003080,2026-03-01 06:04:07,deposit_in,12519.28,True
92,6022442,2026-03-01 06:04:13,deposit_in,9582.69,True
93,6009493,2026-03-01 06:04:19,bill_payment,2587.28,True
94,6020583,2026-03-01 06:04:23,savings_move,3352.4,False
95,6034808,2026-03-01 06:04:23,savings_move,1630.16,False
96,6021516,2026-03-01 06:04:26,savings_move,1368.68,False
97,6032396,2026-03-01 06:04:34,spei_out,1637.22,False
98,6013890,2026-03-01 06:04:34,deposit_in,14953.48,False
99,6004561,2026-03-01 06:04:34,savings_move,3040.04,True
100,6006994,2026-03-01 06:04:37,deposit_in,18581.5,True
101,6035560,2026-03-01 06:04:40,deposit_in,15656.04,False
102,6024583,2026-03-01 06:04:43,deposit_in,8310.99,False
103,6028880,2026-03-01 06:04:44,deposit_in,9455.96,True
104,6002569,2026-03-01 06:04:47,savings_move,2255.08,False
105,6003048,2026-03-01 06:04:49,deposit_in,23687.17,False
106,6005386,2026-03-01 06:04:51,bill_payment,1266.35,False
107,6016938,2026-03-01 06:04:53,savings_move,1417.4,False
108,6003431,2026-03-01 06:04:54,deposit_in,23219.65,False
109,6033853,2026-03-01 06:04:57,deposit_in,16588.37,False
110,6003935,2026-03-01 06:04:57,savings_move,734.56,False
111,6003550,2026-03-01 06:04:58,deposit_in,4999.75,True
112,6025179,2026-03-01 06:05:02,deposit_in,24268.47,False
113,6031642,2026-03-01 06:05:06,card_payment,3012.93,False
114,6025000,2026-03-01 06:05:07,deposit_in,11810.63,True
115,6003770,2026-03-01 06:05:09,deposit_in,18449.44,False
116,6036560,2026-03-01 06:05:18,deposit_in,17122.53,False
117,6012866,2026-03-01 06:05:25,deposit_in,20003.1,False
118,6023551,2026-03-01 06:05:32,savings_move,5268.22,False
119,6020491,2026-03-01 06:05:33,deposit_in,28174.74,True
120,6002911,2026-03-01 06:05:35,savings_move,11492.49,False
121,6012588,2026-03-01 06:05:36,savings_move,3165.79,False
122,6021065,2026-03-01 06:05:37,savings_move,1858.0,False
123,6011297,2026-03-01 06:05:45,bill_payment,1073.81,False
124,6020473,2026-03-01 06:05:45,deposit_in,8348.59,False
125,6019966,2026-03-01 06:05:46,deposit_in,45473.55,False
126,6032191,2026-03-01 06:05:48,bill_payment,1900.67,False
127,6015690,2026-03-01 06:05:49,deposit_in,13387.97,True
128,6005264,2026-03-01 06:05:51,spei_out,6362.86,False
129,6024915,2026-03-01 06:05:58,deposit_in,6033.99,False
130,6000158,2026-03-01 06:05:59,deposit_in,10222.83,False
131,6035546,2026-03-01 06:06:03,deposit_in,35140.47,False
132,6013249,2026-03-01 06:06:09,limit_increase_request,42531.36,False
133,6020520,2026-03-01 06:06:12,bill_payment,2182.35,False
134,6017873,2026-03-01 06:06:16,bill_payment,1645.53,True
135,6016833,2026-03-01 06:06:19,savings_move,6768.34,False
136,6011321,2026-03-01 06:06:19,deposit_in,5002.67,False
137,6021282,2026-03-01 06:06:21,bill_payment,1856.71,True
138,6028595,2026-03-01 06:06:22,bill_payment,267.88,False
139,6017935,2026-03-01 06:06:23,spei_out,2525.31,False
140,6006489,2026-03-01 06:06:28,bill_payment,761.12,False
141,6018664,2026-03-01 06:06:33,savings_move,9991.83,False
142,6000351,2026-03-01 06:06:35,deposit_in,12139.87,True
143,6023541,2026-03-01 06:06:35,card_payment,1762.8,False
144,6006560,2026-03-01 06:06:37,deposit_in,19755.06,True
145,6021081,2026-03-01 06:06:39,deposit_in,20252.95,False
146,6023984,2026-03-01 06:06:40,deposit_in,3617.35,False
147,6030485,2026-03-01 06:06:51,deposit_in,11700.08,False
148,6000209,2026-03-01 06:06:51,bill_payment,1579.39,False
149,6029157,2026-03-01 06:06:51,bill_payment,436.96,False
150,6028253,2026-03-01 06:06:51,savings_move,1557.63,False
151,6007332,2026-03-01 06:06:52,bill_payment,1574.64,True
152,6012620,2026-03-01 06:06:57,savings_move,915.39,False
153,6018716,2026-03-01 06:07:05,bill_payment,1229.7,False
154,6025270,2026-03-01 06:07:10,savings_move,889.15,False
155,6004011,2026-03-01 06:07:16,deposit_in,2609.09,True
156,6010866,2026-03-01 06:07:17,deposit_in,6082.8,False
157,6013746,2026-03-01 06:07:17,deposit_in,6433.39,True
158,6024255,2026-03-01 06:07:19,spei_out,1046.55,False
159,6010371,2026-03-01 06:07:22,savings_move,12916.85,False
160,6029326,2026-03-01 06:07:36,deposit_in,3120.49,True
161,6018334,2026-03-01 06:07:36,bill_payment,2352.11,True
162,6024430,2026-03-01 06:07:38,bill_payment,1626.93,False
163,6005574,2026-03-01 06:07:43,bill_payment,348.53,True
164,6008094,2026-03-01 06:07:44,bill_payment,962.29,False
165,6010671,2026-03-01 06:07:45,bill_payment,1183.47,False
166,6033970,2026-03-01 06:07:45,savings_move,526.89,False
167,6021202,2026-03-01 06:07:48,bill_payment,1086.64,True
168,6033003,2026-03-01 06:07:49,deposit_in,48413.61,True
169,6009577,2026-03-01 06:07:50,bill_payment,2014.47,True
170,6003205,2026-03-01 06:07:51,spei_out,2413.54,False
171,6000851,2026-03-01 06:07:57,deposit_in,10709.4,False
172,6008900,2026-03-01 06:07:58,deposit_in,10482.87,True
173,6015065,2026-03-01 06:07:58,bill_payment,2521.99,True
174,6015675,2026-03-01 06:08:00,spei_out,375.86,False
175,6026310,2026-03-01 06:08:00,deposit_in,18533.09,False
176,6000091,2026-03-01 06:08:01,savings_move,4450.45,False
177,6027785,2026-03-01 06:08:02,bill_payment,1299.76,True
178,6007886,2026-03-01 06:08:05,savings_move,5683.97,False
179,6016220,2026-03-01 06:08:05,deposit_in,6572.74,True
180,6014175,2026-03-01 06:08:10,spei_out,1571.51,False
181,6033805,2026-03-01 06:08:13,deposit_in,9461.06,False
182,6000011,2026-03-01 06:08:15,bill_payment,555.55,False
183,6029563,2026-03-01 06:08:18,savings_move,2961.21,False
184,6030588,2026-03-01 06:08:21,savings_move,388.35,False
185,6022553,2026-03-01 06:08:25,bill_payment,2170.77,False
186,6002291,2026-03-01 06:08:26,spei_out,3698.23,False
187,6028551,2026-03-01 06:08:30,bill_payment,331.07,False
188,6005517,2026-03-01 06:08:30,bill_payment,2216.63,False
189,6006840,2026-03-01 06:08:30,card_payment,4750.34,False
190,6010168,2026-03-01 06:08:30,deposit_in,57608.35,False
191,6037918,2026-03-01 06:08:32,deposit_in,7175.36,True
192,6011838,2026-03-01 06:08:36,savings_move,2294.58,False
193,6009982,2026-03-01 06:08:37,deposit_in,12505.81,False
194,6035977,2026-03-01 06:08:41,bill_payment,273.34,True
195,6025240,2026-03-01 06:08:44,card_payment,2741.55,False
196,6026390,2026-03-01 06:08:47,deposit_in,3375.01,False
197,6031677,2026-03-01 06:08:49,savings_move,2311.66,False
198,6035455,2026-03-01 06:08:56,bill_payment,363.62,True
199,6027278,2026-03-01 06:08:56,deposit_in,13520.38,False
200,6014271,2026-03-01 06:08:57,savings_move,1401.23,False
201,6028394,2026-03-01 06:09:01,savings_move,3735.8,False
202,6019646,2026-03-01 06:09:02,deposit_in,6191.11,True
203,6012532,2026-03-01 06:09:10,bill_payment,726.26,True
204,6008141,2026-03-01 06:09:12,savings_move,1898.69,False
205,6003776,2026-03-01 06:09:13,savings_move,3315.97,False
206,6028544,2026-03-01 06:09:17,spei_out,1467.89,False
207,6024868,2026-03-01 06:09:17,deposit_in,11923.62,True
208,6018506,2026-03-01 06:09:19,bill_payment,1060.24,True
209,6002288,2026-03-01 06:09:19,savings_move,1627.97,True
210,6017473,2026-03-01 06:09:20,bill_payment,2564.03,False
211,6001718,2026-03-01 06:09:27,deposit_in,14899.48,True
212,6001419,2026-03-01 06:09:27,spei_out,3279.17,True
213,6009964,2026-03-01 06:09:32,deposit_in,12061.28,True
214,6022469,2026-03-01 06:09:35,deposit_in,17081.91,True
215,6008832,2026-03-01 06:09:35,bill_payment,1579.92,True
216,6005164,2026-03-01 06:09:37,bill_payment,396.13,False
217,6005739,2026-03-01 06:09:37,bill_payment,2268.84,True
218,6024895,2026-03-01 06:09:38,deposit_in,14266.68,True
219,6021324,2026-03-01 06:09:39,savings_move,752.25,False
220,6014363,2026-03-01 06:09:40,savings_move,1767.42,False
221,6005428,2026-03-01 06:09:47,spei_out,334.18,True
222,6032132,2026-03-01 06:09:53,bill_payment,252.23,False
223,6005218,2026-03-01 06:09:57,spei_out,4831.38,False
224,6035999,2026-03-01 06:09:57,bill_payment,1415.6,False
225,6003468,2026-03-01 06:09:58,savings_move,2716.72,False
226,6023153,2026-03-01 06:09:59,deposit_in,24606.96,False
227,6016158,2026-03-01 06:10:00,deposit_in,11711.79,True
228,6026922,2026-03-01 06:10:04,deposit_in,11359.41,False
229,6016557,2026-03-01 06:10:04,savings_move,7995.95,False
230,6022573,2026-03-01 06:10:05,deposit_in,27747.28,True
231,6005244,2026-03-01 06:10:13,bill_payment,915.04,True
232,6012279,2026-03-01 06:10:13,bill_payment,785.85,False
233,6037418,2026-03-01 06:10:16,bill_payment,882.31,True
234,6013134,2026-03-01 06:10:16,bill_payment,1002.02,False
235,6018132,2026-03-01 06:10:21,deposit_in,10792.37,True
236,6032020,2026-03-01 06:10:23,bill_payment,784.68,True
237,6004390,2026-03-01 06:10:25,bill_payment,897.22,False
238,6003161,2026-03-01 06:10:27,card_payment,1504.41,False
239,6023573,2026-03-01 06:10:29,deposit_in,10853.37,False
240,6020264,2026-03-01 06:10:34,bill_payment,1530.82,False
241,6016665,2026-03-01 06:10:39,investment_buy,1067.22,False
242,6005770,2026-03-01 06:10:48,savings_move,2304.36,False
243,6027702,2026-03-01 06:10:51,deposit_in,16659.41,True
244,6019249,2026-03-01 06:10:53,savings_move,344.7,False
245,6023668,2026-03-01 06:10:55,bill_payment,2503.9,True
246,6013152,2026-03-01 06:10:58,bill_payment,1848.36,True
247,6016797,2026-03-01 06:11:02,savings_move,6746.81,False
248,6026331,2026-03-01 06:11:06,bill_payment,2203.02,True
249,6010206,2026-03-01 06:11:19,bill_payment,745.79,True
250,6016153,2026-03-01 06:11:23,savings_move,1944.54,False
251,6001939,2026-03-01 06:11:23,savings_move,542.61,False
252,6006480,2026-03-01 06:11:29,deposit_in,13299.92,True
253,6000641,2026-03-01 06:11:31,deposit_in,6793.71,True
254,6034300,2026-03-01 06:11:35,bill_payment,688.58,True
255,6020800,2026-03-01 06:11:45,deposit_in,12306.58,True
256,6036631,2026-03-01 06:11:48,deposit_in,5752.68,True
257,6012873,2026-03-01 06:11:49,bill_payment,1405.84,True
258,6032189,2026-03-01 06:11:51,card_payment,3031.51,False
259,6000790,2026-03-01 06:11:54,card_payment,2465.19,False
260,6029358,2026-03-01 06:11:59,bill_payment,1858.85,True
261,6027175,2026-03-01 06:12:02,bill_payment,2251.42,False
262,6010812,2026-03-01 06:12:03,deposit_in,7521.44,False
263,6017218,2026-03-01 06:12:04,bill_payment,312.81,True
264,6024607,2026-03-01 06:12:10,deposit_in,14914.45,True
265,6031347,2026-03-01 06:12:10,bill_payment,292.39,True
266,6002409,2026-03-01 06:12:18,bill_payment,334.09,False
267,6012052,2026-03-01 06:12:21,bill_payment,1240.0,True
268,6025744,2026-03-01 06:12:21,bill_payment,2009.16,False
269,6025293,2026-03-01 06:12:21,deposit_in,11464.78,True
270,6033085,2026-03-01 06:12:23,deposit_in,9817.93,True
271,6031649,2026-03-01 06:12:26,deposit_in,11653.53,True
272,6024451,2026-03-01 06:12:26,savings_move,1821.48,False
273,6033217,2026-03-01 06:12:27,savings_move,1766.69,False
274,6012569,2026-03-01 06:12:29,bill_payment,2155.59,True
275,6021153,2026-03-01 06:12:31,bill_payment,1382.68,False
276,6009791,2026-03-01 06:12:32,deposit_in,11424.55,True
277,6025853,2026-03-01 06:12:42,deposit_in,8730.39,False
278,6035652,2026-03-01 06:12:42,deposit_in,16063.27,True
279,6005088,2026-03-01 06:12:44,spei_out,1284.68,False
280,6017666,2026-03-01 06:12:47,bill_payment,989.96,False
281,6012324,2026-03-01 06:12:49,deposit_in,6479.71,False
282,6018926,2026-03-01 06:12:50,bill_payment,1071.52,True
283,6033111,2026-03-01 06:12:52,deposit_in,14375.6,True
284,6005683,2026-03-01 06:12:53,bill_payment,1655.38,True
285,6015700,2026-03-01 06:12:55,bill_payment,318.16,True
286,6003258,2026-03-01 06:12:58,deposit_in,11025.65,True
287,6020520,2026-03-01 06:13:01,deposit_in,11220.99,True
288,6006848,2026-03-01 06:13:01,deposit_in,10756.26,False
289,6018078,2026-03-01 06:13:08,bill_payment,1735.1,True
290,6010641,2026-03-01 06:13:09,bill_payment,986.57,True
291,6032639,2026-03-01 06:13:09,spei_out,2265.55,False
292,6025832,2026-03-01 06:13:09,savings_move,614.67,False
293,6024939,2026-03-01 06:13:14,deposit_in,15787.19,True
294,6020772,2026-03-01 06:13:17,bill_payment,2551.34,False
295,6030975,2026-03-01 06:13:19,savings_move,3223.7,False
296,6022690,2026-03-01 06:13:22,deposit_in,12578.45,True
297,6022876,2026-03-01 06:13:24,deposit_in,5480.89,True
298,6003264,2026-03-01 06:13:24,bill_payment,750.07,False
299,6024459,2026-03-01 06:13:28,deposit_in,9255.55,True
300,6025903,2026-03-01 06:13:30,savings_move,2385.61,False
301,6026468,2026-03-01 06:13:33,deposit_in,6354.79,True
302,6036629,2026-03-01 06:13:33,savings_move,4738.14,False
303,6003411,2026-03-01 06:13:34,deposit_in,12818.11,False
304,6037031,2026-03-01 06:13:35,deposit_in,14516.98,True
305,6029320,2026-03-01 06:13:35,bill_payment,1344.99,True
306,6022531,2026-03-01 06:13:35,deposit_in,13744.09,True
307,6012041,2026-03-01 06:13:36,deposit_in,9635.14,False
308,6034548,2026-03-01 06:13:37,bill_payment,2248.17,False
309,6027615,2026-03-01 06:13:39,deposit_in,10026.26,True
310,6037504,2026-03-01 06:13:48,bill_payment,2132.03,True
311,6004360,2026-03-01 06:13:48,savings_move,2106.78,False
312,6008574,2026-03-01 06:13:50,deposit_in,12523.35,True
313,6035440,2026-03-01 06:13:52,savings_move,1227.88,False
314,6035582,2026-03-01 06:13:54,savings_move,1010.14,False
315,6010363,2026-03-01 06:13:58,deposit_in,18364.94,False
316,6035459,2026-03-01 06:14:05,bill_payment,2375.02,False
317,6035152,2026-03-01 06:14:06,bill_payment,2508.42,False
318,6025519,2026-03-01 06:14:07,deposit_in,17224.21,False
319,6026938,2026-03-01 06:14:17,bill_payment,607.09,True
320,6018230,2026-03-01 06:14:19,deposit_in,5701.23,True
321,6008558,2026-03-01 06:14:22,bill_payment,1433.79,True
322,6026086,2026-03-01 06:14:22,spei_out,1404.8,False
323,6008148,2026-03-01 06:14:25,deposit_in,7949.47,False
324,6009986,2026-03-01 06:14:26,deposit_in,22165.84,True
325,6031218,2026-03-01 06:14:28,savings_move,800.01,False
326,6024861,2026-03-01 06:14:32,deposit_in,4331.17,False
327,6002794,2026-03-01 06:14:33,spei_out,9139.49,False
328,6023722,2026-03-01 06:14:33,bill_payment,1783.25,False
329,6024480,2026-03-01 06:14:40,bill_payment,479.85,False
330,6005599,2026-03-01 06:14:43,savings_move,2021.11,False
331,6017135,2026-03-01 06:14:44,savings_move,3993.41,False
332,6037868,2026-03-01 06:14:44,bill_payment,2509.11,True
333,6004929,2026-03-01 06:14:45,bill_payment,502.62,True
334,6022800,2026-03-01 06:14:46,bill_payment,2268.74,False
335,6009332,2026-03-01 06:14:46,deposit_in,7148.46,False
336,6022047,2026-03-01 06:14:49,bill_payment,2246.76,False
337,6033218,2026-03-01 06:14:49,spei_out,2345.14,False
338,6016063,2026-03-01 06:14:49,deposit_in,17868.44,True
339,6008762,2026-03-01 06:14:50,bill_payment,1546.8,True
340,6015823,2026-03-01 06:14:53,savings_move,246.25,False
341,6021184,2026-03-01 06:14:55,deposit_in,7260.08,False
342,6032115,2026-03-01 06:14:55,deposit_in,16207.09,True
343,6005674,2026-03-01 06:14:55,deposit_in,8687.12,True
344,6008606,2026-03-01 06:14:57,savings_move,630.23,False
345,6024258,2026-03-01 06:14:58,savings_move,1414.24,False
346,6016119,2026-03-01 06:14:58,savings_move,1755.19,False
347,6001002,2026-03-01 06:14:58,deposit_in,1570.21,False
348,6004931,2026-03-01 06:15:00,deposit_in,10296.3,True
349,6033954,2026-03-01 06:15:02,savings_move,2099.12,False
350,6025570,2026-03-01 06:15:02,savings_move,886.29,False
351,6033341,2026-03-01 06:15:03,bill_payment,2388.2,True
352,6013363,2026-03-01 06:15:07,savings_move,1531.32,False
353,6005910,2026-03-01 06:15:10,deposit_in,3941.87,True
354,6014789,2026-03-01 06:15:11,bill_payment,1282.24,False
355,6012417,2026-03-01 06:15:11,spei_out,1861.45,False
356,6010512,2026-03-01 06:15:12,deposit_in,7024.32,False
357,6015811,2026-03-01 06:15:16,card_payment,9030.05,False
358,6030557,2026-03-01 06:15:20,deposit_in,8045.47,True
359,6023853,2026-03-01 06:15:20,savings_move,784.92,False
360,6003010,2026-03-01 06:15:21,savings_move,3218.87,False
361,6024388,2026-03-01 06:15:22,bill_payment,1949.85,True
362,6014363,2026-03-01 06:15:22,bill_payment,1353.88,True
363,6032099,2026-03-01 06:15:23,bill_payment,957.76,True
364,6030511,2026-03-01 06:15:29,bill_payment,671.87,False
365,6032057,2026-03-01 06:15:30,deposit_in,18433.21,True
366,6000309,2026-03-01 06:15:33,deposit_in,12001.57,True
367,6022891,2026-03-01 06:15:40,deposit_in,12196.12,True
368,6010766,2026-03-01 06:15:41,bill_payment,1073.72,False
369,6010781,2026-03-01 06:15:42,deposit_in,62067.06,True
370,6007081,2026-03-01 06:15:46,deposit_in,4628.09,True
371,6005348,2026-03-01 06:15:48,deposit_in,13162.23,True
372,6029526,2026-03-01 06:15:49,spei_out,2707.77,False
373,6036718,2026-03-01 06:15:53,deposit_in,11349.46,True
374,6015436,2026-03-01 06:15:54,bill_payment,616.42,True
375,6011747,2026-03-01 06:15:56,savings_move,4550.51,False
376,6017913,2026-03-01 06:15:59,deposit_in,3535.84,False
377,6009076,2026-03-01 06:16:00,bill_payment,1869.83,True
378,6003537,2026-03-01 06:16:00,deposit_in,5103.8,False
379,6019658,2026-03-01 06:16:01,deposit_in,26960.68,True
380,6020692,2026-03-01 06:16:04,deposit_in,9988.29,True
381,6024370,2026-03-01 06:16:04,deposit_in,8843.16,True
382,6001243,2026-03-01 06:16:06,deposit_in,13473.27,True
383,6029079,2026-03-01 06:16:06,savings_move,386.18,False
384,6032917,2026-03-01 06:16:10,savings_move,654.95,False
385,6025436,2026-03-01 06:16:18,bill_payment,2375.49,False
386,6002601,2026-03-01 06:16:19,deposit_in,5221.77,False
387,6018991,2026-03-01 06:16:20,deposit_in,11131.43,True
388,6015456,2026-03-01 06:16:23,deposit_in,16520.73,False
389,6026698,2026-03-01 06:16:28,deposit_in,8703.97,False
390,6036257,2026-03-01 06:16:28,savings_move,1923.96,False
391,6025950,2026-03-01 06:16:31,deposit_in,4476.29,True
392,6023554,2026-03-01 06:16:33,deposit_in,9586.71,False
393,6018580,2026-03-01 06:16:35,bill_payment,1336.95,True
394,6012337,2026-03-01 06:16:41,bill_payment,1429.7,False
395,6006349,2026-03-01 06:16:44,deposit_in,8285.4,True
396,6002794,2026-03-01 06:16:46,deposit_in,14608.01,False
397,6003237,2026-03-01 06:16:49,savings_move,3584.37,False
398,6009040,2026-03-01 06:16:50,deposit_in,26612.57,True
399,6028487,2026-03-01 06:16:52,deposit_in,6327.72,False
400,6015272,2026-03-01 06:16:53,deposit_in,12517.36,True
401,6014775,2026-03-01 06:16:56,loan_request,71556.52,False
402,6035905,2026-03-01 06:16:57,savings_move,7060.62,False
403,6033107,2026-03-01 06:16:57,deposit_in,31500.97,True
404,6018494,2026-03-01 06:16:59,deposit_in,6756.14,False
405,6032842,2026-03-01 06:17:04,deposit_in,6615.8,True
406,6021779,2026-03-01 06:17:09,savings_move,1047.57,True
407,6022937,2026-03-01 06:17:10,savings_move,4604.76,False
408,6035119,2026-03-01 06:17:13,deposit_in,10025.07,False
409,6029728,2026-03-01 06:17:19,bill_payment,1032.97,True
410,6016567,2026-03-01 06:17:20,deposit_in,10337.78,True
411,6011599,2026-03-01 06:17:21,bill_payment,2395.79,True
412,6015837,2026-03-01 06:17:22,deposit_in,6043.03,False
413,6010905,2026-03-01 06:17:26,deposit_in,15645.87,True
414,6028237,2026-03-01 06:17:36,deposit_in,6983.97,False
415,6008906,2026-03-01 06:17:40,bill_payment,1726.36,True
416,6023735,2026-03-01 06:17:41,deposit_in,6180.12,False
417,6014198,2026-03-01 06:17:43,deposit_in,26804.94,True
418,6028371,2026-03-01 06:17:45,card_payment,3588.35,False
419,6030514,2026-03-01 06:17:46,deposit_in,10583.23,True
420,6001613,2026-03-01 06:17:46,deposit_in,3258.01,False
421,6034208,2026-03-01 06:17:47,spei_out,1382.62,False
422,6029374,2026-03-01 06:17:52,deposit_in,5170.19,True
423,6021783,2026-03-01 06:17:53,deposit_in,2045.04,True
424,6012836,2026-03-01 06:17:53,bill_payment,2145.19,False
425,6004999,2026-03-01 06:17:54,bill_payment,327.3,True
426,6027322,2026-03-01 06:17:54,savings_move,2550.64,True
427,6031357,2026-03-01 06:17:58,deposit_in,15829.35,True
428,6033678,2026-03-01 06:17:59,spei_out,2317.95,False
429,6032185,2026-03-01 06:18:03,deposit_in,11459.56,True
430,6018330,2026-03-01 06:18:03,bill_payment,1868.1,True
431,6013705,2026-03-01 06:18:06,deposit_in,13296.36,False
432,6023533,2026-03-01 06:18:07,deposit_in,2410.71,True
433,6024809,2026-03-01 06:18:10,spei_out,3421.81,False
434,6026583,2026-03-01 06:18:20,savings_move,6916.58,False
435,6023797,2026-03-01 06:18:21,deposit_in,9378.93,False
436,6014587,2026-03-01 06:18:22,savings_move,2069.65,False
437,6021960,2026-03-01 06:18:24,deposit_in,7274.06,False
438,6022861,2026-03-01 06:18:24,deposit_in,3387.87,True
439,6006624,2026-03-01 06:18:25,deposit_in,13823.91,True
440,6023568,2026-03-01 06:18:29,deposit_in,13570.86,False
441,6027689,2026-03-01 06:18:31,bill_payment,798.19,True
442,6016880,2026-03-01 06:18:32,deposit_in,11959.84,True
443,6022821,2026-03-01 06:18:34,deposit_in,5540.62,True
444,6031042,2026-03-01 06:18:37,deposit_in,2628.24,True
445,6034480,2026-03-01 06:18:44,deposit_in,33477.28,True
446,6023167,2026-03-01 06:18:48,savings_move,2669.7,False
447,6030234,2026-03-01 06:18:49,savings_move,1274.85,False
448,6015672,2026-03-01 06:18:52,deposit_in,43763.1,True
449,6003017,2026-03-01 06:18:54,spei_out,724.08,True
450,6004090,2026-03-01 06:19:03,bill_payment,1087.09,True
451,6013660,2026-03-01 06:19:03,bill_payment,1063.51,False
452,6004500,2026-03-01 06:19:06,bill_payment,1017.13,True
453,6001336,2026-03-01 06:19:12,savings_move,1984.99,False
454,6021381,2026-03-01 06:19:18,bill_payment,1936.88,False
455,6013197,2026-03-01 06:19:25,deposit_in,11096.34,True
456,6000101,2026-03-01 06:19:25,deposit_in,16791.56,False
457,6030571,2026-03-01 06:19:29,bill_payment,2498.2,True
458,6013860,2026-03-01 06:19:29,bill_payment,1113.08,True
459,6013328,2026-03-01 06:19:30,bill_payment,317.42,False
460,6011705,2026-03-01 06:19:34,bill_payment,359.41,True
461,6017676,2026-03-01 06:19:46,savings_move,1042.39,False
462,6008039,2026-03-01 06:19:46,deposit_in,8213.51,True
463,6023019,2026-03-01 06:19:57,bill_payment,349.2,True
464,6006646,2026-03-01 06:20:03,bill_payment,279.21,True
465,6027489,2026-03-01 06:20:05,savings_move,866.29,False
466,6014621,2026-03-01 06:20:05,bill_payment,1157.48,False
467,6019843,2026-03-01 06:20:07,bill_payment,2161.6,False
468,6033673,2026-03-01 06:20:08,bill_payment,1198.53,True
469,6024270,2026-03-01 06:20:10,deposit_in,6908.5,True
470,6026252,2026-03-01 06:20:10,deposit_in,14138.16,True
471,6000998,2026-03-01 06:20:12,savings_move,1645.48,True
472,6029255,2026-03-01 06:20:13,bill_payment,1405.76,True
473,6025454,2026-03-01 06:20:15,savings_move,1026.66,False
474,6012712,2026-03-01 06:20:15,spei_out,3066.22,False
475,6030896,2026-03-01 06:20:26,bill_payment,886.47,True
476,6022485,2026-03-01 06:20:26,deposit_in,6029.84,True
477,6035802,2026-03-01 06:20:28,deposit_in,9309.98,True
478,6011743,2026-03-01 06:20:32,savings_move,1130.94,False
479,6000390,2026-03-01 06:20:33,deposit_in,10701.8,False
480,6018182,2026-03-01 06:20:38,deposit_in,12890.92,False
481,6013404,2026-03-01 06:20:38,bill_payment,1093.41,False
482,6012410,2026-03-01 06:20:39,card_payment,3925.61,False
483,6031390,2026-03-01 06:20:41,deposit_in,9453.69,False
484,6011372,2026-03-01 06:20:47,bill_payment,2501.38,True
485,6009184,2026-03-01 06:20:49,bill_payment,969.35,True
486,6002559,2026-03-01 06:20:52,spei_out,255.86,False
487,6007195,2026-03-01 06:21:01,deposit_in,22122.1,True
488,6015877,2026-03-01 06:21:05,deposit_in,13087.55,True
489,6030877,2026-03-01 06:21:09,deposit_in,9161.78,False
490,6024956,2026-03-01 06:21:10,deposit_in,24959.91,True
491,6001553,2026-03-01 06:21:12,deposit_in,6800.55,False
492,6033189,2026-03-01 06:21:13,bill_payment,430.92,True
493,6002610,2026-03-01 06:21:20,bill_payment,2474.71,False
494,6037162,2026-03-01 06:21:20,deposit_in,7655.28,False
495,6008632,2026-03-01 06:21:21,bill_payment,1163.45,True
496,6017346,2026-03-01 06:21:29,deposit_in,29161.36,False
497,6037526,2026-03-01 06:21:34,bill_payment,1187.39,True
498,6006096,2026-03-01 06:21:36,deposit_in,4887.27,False
499,6009816,2026-03-01 06:21:43,deposit_in,11467.32,True
500,6024656,2026-03-01 06:21:43,bill_payment,531.64,True
501,6021032,2026-03-01 06:21:45,card_payment,4110.82,False
502,6007274,2026-03-01 06:21:45,bill_payment,1967.32,True
503,6006160,2026-03-01 06:21:50,savings_move,1443.39,False
504,6013373,2026-03-01 06:21:51,bill_payment,1646.39,False
505,6012218,2026-03-01 06:21:52,savings_move,1487.76,False
506,6010381,2026-03-01 06:21:53,bill_payment,1217.33,False
507,6020539,2026-03-01 06:21:56,savings_move,524.2,False
508,6015469,2026-03-01 06:22:00,deposit_in,6734.99,False
509,6018350,2026-03-01 06:22:03,bill_payment,2264.63,False
510,6008352,2026-03-01 06:22:06,bill_payment,1384.18,True
511,6023347,2026-03-01 06:22:06,bill_payment,1474.19,True
512,6023660,2026-03-01 06:22:10,spei_out,6326.48,False
513,6019547,2026-03-01 06:22:10,savings_move,1036.7,True
514,6013715,2026-03-01 06:22:13,savings_move,2638.49,False
515,6006682,2026-03-01 06:22:19,deposit_in,9572.28,True
516,6001957,2026-03-01 06:22:21,card_payment,1516.55,False
517,6013766,2026-03-01 06:22:22,bill_payment,1367.2,True
518,6034743,2026-03-01 06:22:23,savings_move,1746.58,False
519,6025062,2026-03-01 06:22:27,spei_out,1320.47,True
520,6028793,2026-03-01 06:22:28,bill_payment,1256.79,False
521,6027126,2026-03-01 06:22:32,deposit_in,24361.25,False
522,6004008,2026-03-01 06:22:33,savings_move,588.82,True
523,6001510,2026-03-01 06:22:36,spei_out,6977.96,False
524,6004938,2026-03-01 06:22:37,bill_payment,1563.84,False
525,6032082,2026-03-01 06:22:38,deposit_in,5512.45,False
526,6033043,2026-03-01 06:22:39,savings_move,1469.26,False
527,6000641,2026-03-01 06:22:43,savings_move,864.37,False
528,6015668,2026-03-01 06:22:45,bill_payment,867.77,False
529,6018953,2026-03-01 06:22:48,deposit_in,10097.62,True
530,6031413,2026-03-01 06:22:52,savings_move,4532.96,False
531,6010855,2026-03-01 06:22:54,bill_payment,338.71,False
532,6034829,2026-03-01 06:22:54,deposit_in,10731.58,False
533,6019686,2026-03-01 06:23:01,savings_move,1088.0,False
534,6034417,2026-03-01 06:23:03,deposit_in,13115.31,True
535,6035182,2026-03-01 06:23:05,deposit_in,12118.83,True
536,6012997,2026-03-01 06:23:07,savings_move,450.45,False
537,6031486,2026-03-01 06:23:08,spei_out,10053.22,False
538,6017728,2026-03-01 06:23:09,deposit_in,21040.36,False
539,6006994,2026-03-01 06:23:13,deposit_in,9868.17,False
540,6014917,2026-03-01 06:23:13,deposit_in,9674.86,False
541,6017004,2026-03-01 06:23:14,spei_out,3050.04,True
542,6030247,2026-03-01 06:23:15,deposit_in,9216.22,True
543,6025426,2026-03-01 06:23:17,bill_payment,887.59,True
544,6036141,2026-03-01 06:23:19,deposit_in,17273.46,True
545,6017068,2026-03-01 06:23:19,deposit_in,16044.87,False
546,6034292,2026-03-01 06:23:30,savings_move,1309.02,True
547,6000720,2026-03-01 06:23:44,savings_move,1800.74,False
548,6017000,2026-03-01 06:23:46,bill_payment,1526.0,True
549,6023436,2026-03-01 06:23:49,bill_payment,1627.33,True
550,6013236,2026-03-01 06:23:51,bill_payment,530.92,False
551,6018143,2026-03-01 06:23:54,savings_move,4337.91,False
552,6010174,2026-03-01 06:23:55,savings_move,5869.71,False
553,6003951,2026-03-01 06:23:59,bill_payment,2410.08,False
554,6037141,2026-03-01 06:24:04,bill_payment,1971.34,False
555,6014678,2026-03-01 06:24:05,savings_move,650.4,False
556,6028098,2026-03-01 06:24:07,bill_payment,2569.77,True
557,6029320,2026-03-01 06:24:09,deposit_in,7208.08,True
558,6003212,2026-03-01 06:24:10,bill_payment,1276.96,True
559,6012834,2026-03-01 06:24:11,deposit_in,12670.15,False
560,6020322,2026-03-01 06:24:15,savings_move,2526.2,False
561,6029254,2026-03-01 06:24:16,deposit_in,3560.61,True
562,6022319,2026-03-01 06:24:23,deposit_in,30789.98,False
563,6018516,2026-03-01 06:24:26,limit_increase_request,80015.42,False
564,6005715,2026-03-01 06:24:27,deposit_in,10402.46,False
565,6036564,2026-03-01 06:24:32,deposit_in,7766.98,True
566,6026010,2026-03-01 06:24:32,bill_payment,1745.63,True
567,6011606,2026-03-01 06:24:34,deposit_in,9893.83,False
568,6008395,2026-03-01 06:24:38,bill_payment,578.7,False
569,6011169,2026-03-01 06:24:39,deposit_in,16415.67,True
570,6009372,2026-03-01 06:24:41,deposit_in,8793.19,True
571,6009049,2026-03-01 06:24:43,bill_payment,1628.9,False
572,6027357,2026-03-01 06:24:44,savings_move,1533.63,False
573,6033464,2026-03-01 06:24:47,deposit_in,8815.88,True
574,6003090,2026-03-01 06:24:50,deposit_in,8852.91,True
575,6005579,2026-03-01 06:24:52,bill_payment,1261.77,True
576,6024279,2026-03-01 06:25:09,bill_payment,2480.2,True
577,6022182,2026-03-01 06:25:12,deposit_in,31823.51,True
578,6026060,2026-03-01 06:25:12,bill_payment,1625.47,True
579,6012918,2026-03-01 06:25:15,spei_out,2002.37,False
580,6019227,2026-03-01 06:25:15,savings_move,759.67,False
581,6008245,2026-03-01 06:25:16,bill_payment,1449.49,True
582,6016885,2026-03-01 06:25:17,savings_move,2357.61,True
583,6031409,2026-03-01 06:25:18,deposit_in,3679.55,True
584,6011646,2026-03-01 06:25:18,deposit_in,12113.39,False
585,6012283,2026-03-01 06:25:18,spei_out,1176.92,False
586,6025312,2026-03-01 06:25:19,bill_payment,2154.34,True
587,6025219,2026-03-01 06:25:20,deposit_in,6156.4,True
588,6018662,2026-03-01 06:25:21,bill_payment,213.39,True
589,6020947,2026-03-01 06:25:25,savings_move,2767.92,False
590,6002207,2026-03-01 06:25:28,spei_out,7774.34,False
591,6012276,2026-03-01 06:25:31,bill_payment,573.52,True
592,6034476,2026-03-01 06:25:35,savings_move,2964.02,False
593,6010846,2026-03-01 06:25:39,deposit_in,3838.0,True
594,6002526,2026-03-01 06:25:42,deposit_in,2720.71,True
595,6036913,2026-03-01 06:25:43,bill_payment,839.07,False
596,6029319,2026-03-01 06:25:48,bill_payment,2179.58,False
597,6012267,2026-03-01 06:25:52,bill_payment,2283.86,True
598,6000268,2026-03-01 06:25:59,bill_payment,2506.59,False
599,6019659,2026-03-01 06:25:59,deposit_in,10270.66,True
600,6013312,2026-03-01 06:26:00,deposit_in,19201.64,False
601,6011111,2026-03-01 06:26:00,savings_move,977.78,False
602,6036547,2026-03-01 06:26:03,bill_payment,2455.55,False
603,6009094,2026-03-01 06:26:03,bill_payment,2379.71,False
604,6020697,2026-03-01 06:26:05,bill_payment,398.59,False
605,6030091,2026-03-01 06:26:06,card_payment,4083.0,False
606,6007418,2026-03-01 06:26:06,bill_payment,324.69,True
607,6001262,2026-03-01 06:26:12,deposit_in,8965.49,True
608,6020846,2026-03-01 06:26:12,deposit_in,17594.51,False
609,6032198,2026-03-01 06:26:14,deposit_in,17202.25,True
610,6024813,2026-03-01 06:26:15,bill_payment,267.53,True
611,6031545,2026-03-01 06:26:18,bill_payment,1410.38,False
612,6031030,2026-03-01 06:26:19,bill_payment,204.8,True
613,6018611,2026-03-01 06:26:20,savings_move,135.9,False
614,6022265,2026-03-01 06:26:21,savings_move,2156.33,False
615,6022898,2026-03-01 06:26:23,bill_payment,796.44,False
616,6030193,2026-03-01 06:26:28,deposit_in,6403.81,True
617,6000917,2026-03-01 06:26:28,bill_payment,1745.98,True
618,6036040,2026-03-01 06:26:34,deposit_in,6933.21,False
619,6020067,2026-03-01 06:26:40,bill_payment,303.58,True
620,6020811,2026-03-01 06:26:42,deposit_in,19370.08,False
621,6016585,2026-03-01 06:26:46,bill_payment,2381.01,False
622,6036031,2026-03-01 06:26:48,deposit_in,1542.69,False
623,6029806,2026-03-01 06:26:50,deposit_in,5797.62,True
624,6001276,2026-03-01 06:26:53,deposit_in,4903.85,False
625,6034363,2026-03-01 06:26:53,deposit_in,3400.28,False
626,6037100,2026-03-01 06:26:54,bill_payment,1178.85,False
627,6014010,2026-03-01 06:26:59,card_payment,1359.94,False
628,6002117,2026-03-01 06:27:02,deposit_in,8239.34,True
629,6024219,2026-03-01 06:27:02,bill_payment,834.19,True
630,6006037,2026-03-01 06:27:03,bill_payment,440.51,True
631,6009349,2026-03-01 06:27:03,bill_payment,2586.15,True
632,6012035,2026-03-01 06:27:04,savings_move,521.73,False
633,6034352,2026-03-01 06:27:10,spei_out,910.01,False
634,6026557,2026-03-01 06:27:13,deposit_in,23722.06,True
635,6020538,2026-03-01 06:27:21,deposit_in,11580.8,False
636,6027702,2026-03-01 06:27:26,savings_move,1874.02,False
637,6016772,2026-03-01 06:27:27,bill_payment,302.45,True
638,6010232,2026-03-01 06:27:29,bill_payment,654.89,True
639,6000473,2026-03-01 06:27:32,deposit_in,18786.6,True
640,6024439,2026-03-01 06:27:35,bill_payment,895.85,True
641,6019456,2026-03-01 06:27:35,deposit_in,16981.52,False
642,6011283,2026-03-01 06:27:37,spei_out,1929.99,False
643,6037809,2026-03-01 06:27:39,limit_increase_request,13921.35,False
644,6006899,2026-03-01 06:27:40,savings_move,637.79,False
645,6030954,2026-03-01 06:27:43,savings_move,1564.34,False
646,6011933,2026-03-01 06:27:44,bill_payment,209.77,True
647,6031981,2026-03-01 06:27:47,deposit_in,15941.09,True
648,6035073,2026-03-01 06:27:48,bill_payment,1919.68,True
649,6019315,2026-03-01 06:27:49,deposit_in,12547.74,False
650,6020311,2026-03-01 06:27:53,deposit_in,25623.36,True
651,6008012,2026-03-01 06:27:55,deposit_in,21156.25,True
652,6007896,2026-03-01 06:27:55,savings_move,681.34,False
653,6009225,2026-03-01 06:27:58,deposit_in,9758.57,True
654,6031712,2026-03-01 06:28:04,bill_payment,1697.62,False
655,6003322,2026-03-01 06:28:05,deposit_in,7902.79,True
656,6011110,2026-03-01 06:28:07,deposit_in,7221.29,False
657,6017847,2026-03-01 06:28:09,deposit_in,6911.53,True
658,6009717,2026-03-01 06:28:10,spei_out,1873.65,False
659,6021143,2026-03-01 06:28:13,deposit_in,26009.06,False
660,6000984,2026-03-01 06:28:15,deposit_in,13086.95,False
661,6034449,2026-03-01 06:28:16,deposit_in,3579.04,False
662,6024668,2026-03-01 06:28:17,bill_payment,640.63,False
663,6008398,2026-03-01 06:28:22,bill_payment,1221.47,False
664,6018525,2026-03-01 06:28:24,bill_payment,1204.77,False
665,6013018,2026-03-01 06:28:26,deposit_in,21538.82,True
666,6019453,2026-03-01 06:28:31,deposit_in,10514.11,True
667,6014272,2026-03-01 06:28:32,deposit_in,2574.03,True
668,6031551,2026-03-01 06:28:36,bill_payment,1710.85,False
669,6023304,2026-03-01 06:28:40,savings_move,1306.46,False
670,6002329,2026-03-01 06:28:40,deposit_in,11450.9,False
671,6011212,2026-03-01 06:28:43,savings_move,3861.44,False
672,6015601,2026-03-01 06:28:46,deposit_in,7820.12,False
673,6021030,2026-03-01 06:28:48,bill_payment,2481.91,False
674,6030365,2026-03-01 06:28:48,deposit_in,24288.82,False
675,6015967,2026-03-01 06:28:50,bill_payment,711.12,False
676,6012185,2026-03-01 06:28:51,bill_payment,1747.16,True
677,6014777,2026-03-01 06:28:56,deposit_in,14526.86,False
678,6008038,2026-03-01 06:28:59,savings_move,1613.96,False
679,6027218,2026-03-01 06:29:10,bill_payment,2099.74,False
680,6030257,2026-03-01 06:29:12,spei_out,1998.72,False
681,6022646,2026-03-01 06:29:15,deposit_in,2946.87,True
682,6011500,2026-03-01 06:29:17,savings_move,2348.79,False
683,6032322,2026-03-01 06:29:20,savings_move,16635.71,False
684,6012953,2026-03-01 06:29:21,bill_payment,1798.02,True
685,6011364,2026-03-01 06:29:38,bill_payment,1413.09,True
686,6021780,2026-03-01 06:29:40,bill_payment,2124.02,False
687,6023369,2026-03-01 06:29:40,bill_payment,1315.09,False
688,6033779,2026-03-01 06:29:42,deposit_in,22579.34,False
689,6012051,2026-03-01 06:29:44,savings_move,1395.35,False
690,6010609,2026-03-01 06:29:49,bill_payment,599.98,False
691,6008050,2026-03-01 06:29:49,bill_payment,560.7,True
692,6037036,2026-03-01 06:29:50,bill_payment,1462.87,False
693,6037432,2026-03-01 06:29:53,deposit_in,9670.31,False
694,6014024,2026-03-01 06:29:54,spei_out,3488.43,False
695,6002306,2026-03-01 06:29:59,spei_out,1598.42,False
696,6028363,2026-03-01 06:30:00,savings_move,1971.61,True
697,6037751,2026-03-01 06:30:11,deposit_in,5202.67,False
698,6029923,2026-03-01 06:30:12,bill_payment,601.44,False
699,6023567,2026-03-01 06:30:12,savings_move,702.75,False
700,6027798,2026-03-01 06:30:12,bill_payment,969.14,False
701,6007129,2026-03-01 06:30:15,spei_out,939.35,False
702,6018940,2026-03-01 06:30:18,bill_payment,372.51,False
703,6026029,2026-03-01 06:30:21,bill_payment,2191.12,True
704,6026696,2026-03-01 06:30:29,savings_move,3809.34,False
705,6028538,2026-03-01 06:30:34,deposit_in,15847.31,True
706,6030348,2026-03-01 06:30:34,bill_payment,597.12,False
707,6033732,2026-03-01 06:30:35,savings_move,1069.22,False
708,6032026,2026-03-01 06:30:38,deposit_in,20148.88,False
709,6001408,2026-03-01 06:30:41,bill_payment,901.59,True
710,6035357,2026-03-01 06:30:42,bill_payment,1352.62,True
711,6008460,2026-03-01 06:30:42,deposit_in,27736.86,True
712,6017022,2026-03-01 06:30:44,savings_move,2807.93,False
713,6006377,2026-03-01 06:30:47,deposit_in,6944.67,True
714,6006137,2026-03-01 06:30:49,deposit_in,10963.13,True
715,6000198,2026-03-01 06:30:50,bill_payment,2349.49,True
716,6009338,2026-03-01 06:30:51,deposit_in,27736.84,True
717,6001347,2026-03-01 06:30:51,deposit_in,6599.36,True
718,6034039,2026-03-01 06:30:55,deposit_in,21121.76,True
719,6006229,2026-03-01 06:30:56,deposit_in,13811.42,True
720,6008760,2026-03-01 06:30:57,savings_move,616.64,False
721,6025876,2026-03-01 06:30:58,spei_out,7136.28,False
722,6019308,2026-03-01 06:31:01,deposit_in,4777.41,True
723,6002616,2026-03-01 06:31:05,spei_out,4922.27,False
724,6032918,2026-03-01 06:31:10,savings_move,462.08,True
725,6010375,2026-03-01 06:31:14,savings_move,964.13,False
726,6014938,2026-03-01 06:31:14,bill_payment,790.67,True
727,6001176,2026-03-01 06:31:23,bill_payment,258.65,False
728,6012077,2026-03-01 06:31:24,bill_payment,1152.9,True
729,6034786,2026-03-01 06:31:25,bill_payment,2065.79,True
730,6015353,2026-03-01 06:31:26,deposit_in,26583.18,False
731,6033107,2026-03-01 06:31:27,savings_move,652.69,False
732,6012310,2026-03-01 06:31:29,card_payment,5484.86,False
733,6024251,2026-03-01 06:31:34,deposit_in,8665.9,False
734,6019627,2026-03-01 06:31:36,bill_payment,371.97,True
735,6008720,2026-03-01 06:31:41,bill_payment,1781.41,True
736,6025363,2026-03-01 06:31:42,deposit_in,21826.61,True
737,6009508,2026-03-01 06:31:46,bill_payment,1143.75,True
738,6002326,2026-03-01 06:31:48,card_payment,1652.67,False
739,6027140,2026-03-01 06:31:48,bill_payment,1008.53,True
740,6033294,2026-03-01 06:31:49,deposit_in,3120.79,True
741,6033519,2026-03-01 06:31:52,bill_payment,1758.18,True
742,6037761,2026-03-01 06:31:53,deposit_in,4768.77,True
743,6019720,2026-03-01 06:31:55,deposit_in,3907.79,True
744,6012760,2026-03-01 06:31:56,bill_payment,1921.26,True
745,6037417,2026-03-01 06:31:58,deposit_in,17764.47,True
746,6007606,2026-03-01 06:31:58,deposit_in,16296.2,True
747,6000275,2026-03-01 06:31:59,bill_payment,1359.91,False
748,6034653,2026-03-01 06:32:00,savings_move,2290.3,False
749,6006329,2026-03-01 06:32:01,bill_payment,1836.34,True
750,6008026,2026-03-01 06:32:10,spei_out,1173.28,False
751,6037977,2026-03-01 06:32:14,bill_payment,288.74,False
752,6024111,2026-03-01 06:32:14,spei_out,6431.56,False
753,6032688,2026-03-01 06:32:18,deposit_in,9500.35,True
754,6015546,2026-03-01 06:32:24,savings_move,1519.31,False
755,6009119,2026-03-01 06:32:26,deposit_in,13447.51,False
756,6009980,2026-03-01 06:32:27,bill_payment,527.66,False
757,6001787,2026-03-01 06:32:31,deposit_in,15047.51,False
758,6016394,2026-03-01 06:32:39,deposit_in,11659.93,False
759,6009057,2026-03-01 06:32:41,bill_payment,1230.95,True
760,6033491,2026-03-01 06:32:42,bill_payment,2572.66,True
761,6013199,2026-03-01 06:32:45,savings_move,3688.39,False
762,6019651,2026-03-01 06:32:46,bill_payment,1163.18,True
763,6035566,2026-03-01 06:32:51,deposit_in,3068.22,True
764,6002404,2026-03-01 06:32:52,bill_payment,1390.73,True
765,6001505,2026-03-01 06:32:54,spei_out,1149.03,False
766,6007682,2026-03-01 06:32:54,spei_out,2947.76,True
767,6023878,2026-03-01 06:32:56,deposit_in,10804.74,True
768,6018933,2026-03-01 06:32:59,deposit_in,26892.04,True
769,6022034,2026-03-01 06:33:00,spei_out,4054.64,False
770,6011400,2026-03-01 06:33:02,savings_move,1629.38,False
771,6021978,2026-03-01 06:33:04,bill_payment,2320.06,True
772,6026325,2026-03-01 06:33:06,bill_payment,2375.34,True
773,6019468,2026-03-01 06:33:06,bill_payment,1590.66,True
774,6014853,2026-03-01 06:33:10,deposit_in,17401.54,True
775,6016704,2026-03-01 06:33:10,bill_payment,2228.36,True
776,6012947,2026-03-01 06:33:21,deposit_in,17693.78,True
777,6004335,2026-03-01 06:33:22,bill_payment,1149.32,True
778,6032860,2026-03-01 06:33:23,bill_payment,1183.37,False
779,6034129,2026-03-01 06:33:27,bill_payment,830.91,True
780,6005651,2026-03-01 06:33:27,deposit_in,7755.19,False
781,6023030,2026-03-01 06:33:28,deposit_in,22399.26,True
782,6008942,2026-03-01 06:33:28,deposit_in,13806.63,True
783,6027531,2026-03-01 06:33:29,deposit_in,5393.93,True
784,6002451,2026-03-01 06:33:29,deposit_in,11838.71,True
785,6027356,2026-03-01 06:33:33,deposit_in,25792.02,True
786,6029118,2026-03-01 06:33:38,savings_move,5226.04,True
787,6031036,2026-03-01 06:33:43,bill_payment,2141.55,False
788,6011595,2026-03-01 06:33:46,bill_payment,2246.31,False
789,6014439,2026-03-01 06:33:51,deposit_in,8067.01,False
790,6012845,2026-03-01 06:33:51,spei_out,2791.87,False
791,6028930,2026-03-01 06:33:53,savings_move,2562.05,True
792,6028668,2026-03-01 06:33:56,savings_move,2572.87,False
793,6021572,2026-03-01 06:33:57,spei_out,8089.93,False
794,6036781,2026-03-01 06:33:58,deposit_in,14649.64,True
795,6033733,2026-03-01 06:34:01,deposit_in,17349.87,False
796,6006085,2026-03-01 06:34:05,savings_move,1632.31,False
797,6014816,2026-03-01 06:34:09,deposit_in,11630.19,True
798,6026191,2026-03-01 06:34:11,deposit_in,27926.63,False
799,6030321,2026-03-01 06:34:26,bill_payment,1638.87,False
800,6015442,2026-03-01 06:34:32,bill_payment,396.53,False
801,6016022,2026-03-01 06:34:40,bill_payment,706.51,False
802,6008893,2026-03-01 06:34:40,bill_payment,399.03,False
803,6036424,2026-03-01 06:34:42,deposit_in,9020.65,True
804,6007013,2026-03-01 06:34:43,savings_move,2860.78,False
805,6023661,2026-03-01 06:34:47,deposit_in,9964.15,True
806,6001179,2026-03-01 06:34:54,bill_payment,408.3,True
807,6017886,2026-03-01 06:34:57,spei_out,797.29,False
808,6012585,2026-03-01 06:35:02,bill_payment,626.06,False
809,6004597,2026-03-01 06:35:07,deposit_in,6236.04,True
810,6005954,2026-03-01 06:35:08,bill_payment,665.58,True
811,6017133,2026-03-01 06:35:13,spei_out,5249.99,False
812,6033669,2026-03-01 06:35:15,savings_move,332.33,False
813,6032047,2026-03-01 06:35:22,deposit_in,25273.78,False
814,6033300,2026-03-01 06:35:25,deposit_in,16240.34,True
815,6014689,2026-03-01 06:35:28,bill_payment,658.58,True
816,6031007,2026-03-01 06:35:29,deposit_in,21488.01,False
817,6004302,2026-03-01 06:35:30,deposit_in,17580.22,True
818,6005608,2026-03-01 06:35:36,bill_payment,1393.53,False
819,6026090,2026-03-01 06:35:36,bill_payment,2271.51,False
820,6017644,2026-03-01 06:35:38,deposit_in,15586.02,False
821,6012847,2026-03-01 06:35:40,bill_payment,2217.25,False
822,6031391,2026-03-01 06:35:40,savings_move,702.85,False
823,6036881,2026-03-01 06:35:41,bill_payment,2580.43,False
824,6001878,2026-03-01 06:35:43,card_payment,980.03,False
825,6027539,2026-03-01 06:35:47,deposit_in,20030.62,False
826,6004329,2026-03-01 06:35:52,deposit_in,5024.16,True
827,6015762,2026-03-01 06:35:54,bill_payment,879.63,False
828,6004967,2026-03-01 06:35:58,deposit_in,13177.16,True
829,6016737,2026-03-01 06:36:04,bill_payment,1244.9,False
830,6028684,2026-03-01 06:36:18,bill_payment,1125.84,False
831,6021821,2026-03-01 06:36:19,deposit_in,12113.81,False
832,6033452,2026-03-01 06:36:19,savings_move,1495.02,False
833,6002823,2026-03-01 06:36:22,deposit_in,6596.13,False
834,6024915,2026-03-01 06:36:23,savings_move,1171.11,True
835,6031211,2026-03-01 06:36:23,deposit_in,20885.0,False
836,6036839,2026-03-01 06:36:26,spei_out,2958.99,False
837,6032285,2026-03-01 06:36:27,bill_payment,1935.96,False
838,6029298,2026-03-01 06:36:31,deposit_in,4381.07,False
839,6021753,2026-03-01 06:36:32,savings_move,528.23,False
840,6033190,2026-03-01 06:36:37,savings_move,361.83,False
841,6004524,2026-03-01 06:36:41,savings_move,2750.51,False
842,6020854,2026-03-01 06:36:47,deposit_in,10424.62,True
843,6020722,2026-03-01 06:36:49,bill_payment,752.07,True
844,6017860,2026-03-01 06:36:50,deposit_in,18330.01,False
845,6014716,2026-03-01 06:36:50,deposit_in,17508.98,True
846,6026622,2026-03-01 06:36:50,deposit_in,11482.37,True
847,6020148,2026-03-01 06:37:02,savings_move,2913.75,False
848,6033789,2026-03-01 06:37:04,bill_payment,1097.71,False
849,6028081,2026-03-01 06:37:06,bill_payment,396.52,True
850,6034892,2026-03-01 06:37:10,savings_move,2823.73,False
851,6007203,2026-03-01 06:37:18,savings_move,140.52,False
852,6005346,2026-03-01 06:37:18,savings_move,1288.59,False
853,6033116,2026-03-01 06:37:18,bill_payment,2342.56,False
854,6026738,2026-03-01 06:37:26,deposit_in,12854.84,False
855,6007870,2026-03-01 06:37:27,savings_move,5405.78,False
856,6025145,2026-03-01 06:37:31,spei_out,1032.28,False
857,6021664,2026-03-01 06:37:34,savings_move,1559.65,False
858,6037704,2026-03-01 06:37:34,bill_payment,2452.08,True
859,6020289,2026-03-01 06:37:35,bill_payment,796.45,False
860,6031764,2026-03-01 06:37:38,spei_out,471.9,False
861,6032434,2026-03-01 06:37:41,bill_payment,1325.93,False
862,6018482,2026-03-01 06:37:48,limit_increase_request,70864.23,False
863,6005287,2026-03-01 06:37:50,deposit_in,7354.42,False
864,6016473,2026-03-01 06:37:51,deposit_in,9270.38,False
865,6006727,2026-03-01 06:37:57,bill_payment,1352.37,True
866,6008788,2026-03-01 06:38:01,bill_payment,2344.03,False
867,6018188,2026-03-01 06:38:03,bill_payment,576.35,True
868,6032577,2026-03-01 06:38:12,spei_out,1518.34,False
869,6012877,2026-03-01 06:38:17,deposit_in,7145.26,False
870,6029708,2026-03-01 06:38:23,deposit_in,6430.41,False
871,6026695,2026-03-01 06:38:27,savings_move,1292.78,False
872,6017074,2026-03-01 06:38:27,deposit_in,10632.69,True
873,6005104,2026-03-01 06:38:28,bill_payment,219.62,True
874,6012604,2026-03-01 06:38:30,deposit_in,8380.05,True
875,6020966,2026-03-01 06:38:31,deposit_in,7240.99,True
876,6015744,2026-03-01 06:38:32,deposit_in,15897.63,True
877,6027596,2026-03-01 06:38:41,spei_out,1641.66,False
878,6010976,2026-03-01 06:38:42,deposit_in,13846.47,True
879,6009469,2026-03-01 06:38:44,deposit_in,15492.23,False
880,6032180,2026-03-01 06:38:46,bill_payment,2539.15,True
881,6029928,2026-03-01 06:38:55,savings_move,4589.01,False
882,6037994,2026-03-01 06:38:57,deposit_in,13826.67,False
883,6028832,2026-03-01 06:38:58,bill_payment,2246.36,False
884,6028887,2026-03-01 06:39:01,deposit_in,3883.71,False
885,6026488,2026-03-01 06:39:03,deposit_in,6062.85,False
886,6000026,2026-03-01 06:39:04,bill_payment,2517.42,False
887,6008364,2026-03-01 06:39:04,deposit_in,7442.66,True
888,6008515,2026-03-01 06:39:11,bill_payment,1134.75,False
889,6030208,2026-03-01 06:39:11,spei_out,7174.65,False
890,6002295,2026-03-01 06:39:13,bill_payment,1523.66,False
891,6009104,2026-03-01 06:39:15,savings_move,1161.52,False
892,6034924,2026-03-01 06:39:18,deposit_in,16078.54,True
893,6011545,2026-03-01 06:39:18,spei_out,4361.53,False
894,6025093,2026-03-01 06:39:20,deposit_in,8703.9,True
895,6034366,2026-03-01 06:39:23,spei_out,10107.56,False
896,6001543,2026-03-01 06:39:25,deposit_in,17444.13,True
897,6020899,2026-03-01 06:39:28,card_payment,15102.1,False
898,6027740,2026-03-01 06:39:28,deposit_in,7234.18,False
899,6026991,2026-03-01 06:39:29,bill_payment,508.36,True
900,6004875,2026-03-01 06:39:30,savings_move,589.52,True
901,6006590,2026-03-01 06:39:31,deposit_in,11744.68,True
902,6027166,2026-03-01 06:39:36,spei_out,387.88,False
903,6037152,2026-03-01 06:39:41,savings_move,1234.72,False
904,6022634,2026-03-01 06:39:42,card_payment,10216.65,False
905,6005697,2026-03-01 06:39:44,bill_payment,2148.45,True
906,6018471,2026-03-01 06:39:45,bill_payment,1794.02,True
907,6021779,2026-03-01 06:39:47,bill_payment,1910.65,False
908,6017946,2026-03-01 06:39:50,deposit_in,13080.54,False
909,6008471,2026-03-01 06:39:53,savings_move,6283.6,False
910,6017075,2026-03-01 06:39:54,bill_payment,901.29,False
911,6010863,2026-03-01 06:39:56,deposit_in,22035.03,True
912,6022152,2026-03-01 06:39:59,deposit_in,7912.82,False
913,6003588,2026-03-01 06:40:03,savings_move,548.98,False
914,6032232,2026-03-01 06:40:08,deposit_in,9855.92,False
915,6000603,2026-03-01 06:40:12,deposit_in,10320.75,False
916,6034918,2026-03-01 06:40:16,bill_payment,630.09,True
917,6036853,2026-03-01 06:40:21,deposit_in,4074.99,False
918,6031969,2026-03-01 06:40:25,savings_move,2974.83,False
919,6037286,2026-03-01 06:40:27,bill_payment,2432.43,False
920,6029606,2026-03-01 06:40:30,savings_move,3398.48,False
921,6006502,2026-03-01 06:40:32,deposit_in,8754.49,True
922,6034625,2026-03-01 06:40:33,bill_payment,1082.55,True
923,6023979,2026-03-01 06:40:36,bill_payment,1100.41,True
924,6020885,2026-03-01 06:40:53,bill_payment,2563.21,False
925,6025667,2026-03-01 06:40:56,deposit_in,6098.85,True
926,6016446,2026-03-01 06:41:00,deposit_in,6166.6,False
927,6036606,2026-03-01 06:41:05,deposit_in,13216.62,False
928,6034065,2026-03-01 06:41:05,deposit_in,11839.46,True
929,6004492,2026-03-01 06:41:09,spei_out,976.99,False
930,6014918,2026-03-01 06:41:10,bill_payment,654.28,True
931,6020841,2026-03-01 06:41:10,bill_payment,1442.83,False
932,6023879,2026-03-01 06:41:12,bill_payment,1001.83,False
933,6025678,2026-03-01 06:41:15,deposit_in,4648.02,True
934,6014499,2026-03-01 06:41:16,bill_payment,513.81,False
935,6030217,2026-03-01 06:41:22,deposit_in,9981.0,True
936,6034023,2026-03-01 06:41:24,deposit_in,10209.72,False
937,6007712,2026-03-01 06:41:26,bill_payment,1725.38,False
938,6026745,2026-03-01 06:41:31,savings_move,3338.36,False
939,6027664,2026-03-01 06:41:31,card_payment,3135.59,False
940,6026397,2026-03-01 06:41:34,card_payment,5029.89,False
941,6023987,2026-03-01 06:41:37,bill_payment,709.87,False
942,6004132,2026-03-01 06:41:48,bill_payment,900.53,False
943,6026881,2026-03-01 06:41:49,deposit_in,8334.49,True
944,6033096,2026-03-01 06:42:01,savings_move,1075.24,False
945,6004131,2026-03-01 06:42:07,savings_move,1960.79,False
946,6021054,2026-03-01 06:42:07,bill_payment,2160.04,False
947,6010411,2026-03-01 06:42:09,bill_payment,1332.26,False
948,6027908,2026-03-01 06:42:15,deposit_in,8635.78,True
949,6013117,2026-03-01 06:42:23,deposit_in,4043.57,True
950,6004817,2026-03-01 06:42:26,bill_payment,1975.58,False
951,6026841,2026-03-01 06:42:31,card_payment,1266.64,False
952,6033180,2026-03-01 06:42:32,deposit_in,2507.44,True
953,6021907,2026-03-01 06:42:34,savings_move,388.58,False
954,6031877,2026-03-01 06:42:41,savings_move,2308.64,False
955,6011883,2026-03-01 06:42:43,bill_payment,2261.1,False
956,6018740,2026-03-01 06:42:43,savings_move,3494.86,False
957,6032488,2026-03-01 06:42:47,deposit_in,4946.06,True
958,6010568,2026-03-01 06:42:49,bill_payment,1120.28,True
959,6023998,2026-03-01 06:42:50,savings_move,1110.65,False
960,6011750,2026-03-01 06:42:52,bill_payment,1754.96,True
961,6010454,2026-03-01 06:42:53,bill_payment,2118.89,False
962,6036863,2026-03-01 06:42:53,savings_move,1085.46,False
963,6033658,2026-03-01 06:42:57,deposit_in,6173.72,True
964,6026772,2026-03-01 06:42:59,savings_move,1125.18,True
965,6036461,2026-03-01 06:43:00,deposit_in,4618.31,False
966,6017636,2026-03-01 06:43:01,bill_payment,1196.38,False
967,6021930,2026-03-01 06:43:02,savings_move,4603.67,False
968,6021636,2026-03-01 06:43:06,bill_payment,626.3,False
969,6009144,2026-03-01 06:43:06,deposit_in,9433.66,False
970,6035191,2026-03-01 06:43:09,spei_out,308.27,False
971,6030112,2026-03-01 06:43:12,deposit_in,20504.59,True
972,6021898,2026-03-01 06:43:18,bill_payment,2479.53,False
973,6008319,2026-03-01 06:43:19,deposit_in,16657.42,False
974,6008383,2026-03-01 06:43:22,bill_payment,429.33,True
975,6009577,2026-03-01 06:43:26,deposit_in,18790.5,False
976,6013121,2026-03-01 06:43:29,deposit_in,4193.14,False
977,6037417,2026-03-01 06:43:30,savings_move,1488.46,False
978,6020168,2026-03-01 06:43:31,bill_payment,2024.17,False
979,6034343,2026-03-01 06:43:32,savings_move,1706.77,False
980,6032341,2026-03-01 06:43:38,spei_out,1272.37,False
981,6032303,2026-03-01 06:43:40,deposit_in,8802.46,False
982,6017801,2026-03-01 06:43:40,deposit_in,18107.71,False
983,6026032,2026-03-01 06:43:42,bill_payment,776.37,False
984,6036076,2026-03-01 06:43:43,bill_payment,519.92,False
985,6013561,2026-03-01 06:43:45,savings_move,491.5,False
986,6018988,2026-03-01 06:43:45,deposit_in,28438.92,False
987,6026524,2026-03-01 06:43:47,savings_move,5479.64,False
988,6024195,2026-03-01 06:43:55,bill_payment,1557.07,False
989,6007950,2026-03-01 06:43:58,bill_payment,2157.92,True
990,6008862,2026-03-01 06:43:59,bill_payment,2033.51,False
991,6001505,2026-03-01 06:44:02,deposit_in,6531.34,True
992,6003730,2026-03-01 06:44:02,deposit_in,3945.04,True
993,6035802,2026-03-01 06:44:09,deposit_in,6300.93,False
994,6017587,2026-03-01 06:44:10,savings_move,1187.27,False
995,6012581,2026-03-01 06:44:15,deposit_in,12683.3,False
996,6018535,2026-03-01 06:44:21,bill_payment,2384.94,False
997,6017117,2026-03-01 06:44:26,bill_payment,1883.59,False
998,6007026,2026-03-01 06:44:28,card_payment,3102.4,False
999,6021042,2026-03-01 06:44:32,deposit_in,3360.32,False
1000,6003491,2026-03-01 06:44:37,bill_payment,1029.76,False
