nudge_id,customer_id,shown_ts,nudge_type,surface,exposure_no,hours_since_last_nudge,engaged,dismissed,opted_out_after
1,6004828,2026-03-01 08:00:04,limit_increase,push,1,,False,True,False
2,6035732,2026-03-01 08:00:37,savings_goal,in_app_modal,1,,False,False,False
3,6017367,2026-03-01 08:00:38,bill_reminder,push,1,,False,False,False
4,6017615,2026-03-01 08:00:42,loan_offer,home_card,1,,False,False,False
5,6016986,2026-03-01 08:00:47,invest_start,push,1,,False,True,False
6,6008210,2026-03-01 08:01:19,payroll_portability,home_card,1,,False,False,False
7,6022018,2026-03-01 08:02:34,savings_goal,in_app_modal,1,,False,False,False
8,6015993,2026-03-01 08:03:07,bill_reminder,home_card,1,,False,False,False
9,6015423,2026-03-01 08:03:27,savings_goal,home_card,1,,False,True,False
10,6019278,2026-03-01 08:03:42,loan_offer,home_card,1,,False,True,False
11,6017396,2026-03-01 08:03:50,loan_offer,push,1,,False,True,False
12,6006632,2026-03-01 08:05:57,loan_offer,push,1,,False,False,False
13,6012174,2026-03-01 08:06:38,invest_start,home_card,1,,False,True,False
14,6035655,2026-03-01 08:07:06,payroll_portability,in_app_modal,1,,True,False,False
15,6025492,2026-03-01 08:07:19,limit_increase,home_card,1,,True,False,False
16,6019347,2026-03-01 08:08:14,loan_offer,push,1,,False,True,False
17,6006119,2026-03-01 08:08:45,savings_goal,push,1,,False,False,False
18,6001418,2026-03-01 08:09:03,bill_reminder,in_app_modal,1,,False,False,False
19,6033425,2026-03-01 08:09:34,savings_goal,home_card,1,,False,False,False
20,6025890,2026-03-01 08:09:57,invest_start,push,1,,False,False,False
21,6007561,2026-03-01 08:10:45,bill_reminder,in_app_modal,1,,False,True,False
22,6024573,2026-03-01 08:11:49,bill_reminder,push,1,,False,True,False
23,6002113,2026-03-01 08:11:56,savings_goal,home_card,1,,False,False,False
24,6011814,2026-03-01 08:11:58,payroll_portability,push,1,,False,False,False
25,6009312,2026-03-01 08:12:04,payroll_portability,home_card,1,,False,False,False
26,6032798,2026-03-01 08:12:09,limit_increase,push,1,,False,False,False
27,6023626,2026-03-01 08:12:13,invest_start,push,1,,False,False,False
28,6019392,2026-03-01 08:12:14,limit_increase,push,1,,False,False,False
29,6027937,2026-03-01 08:12:19,bill_reminder,in_app_modal,1,,False,True,False
30,6008953,2026-03-01 08:13:47,savings_goal,in_app_modal,1,,False,False,False
31,6020376,2026-03-01 08:13:55,savings_goal,home_card,1,,False,True,False
32,6026749,2026-03-01 08:13:57,invest_start,home_card,1,,False,False,False
33,6000577,2026-03-01 08:14:07,payroll_portability,home_card,1,,False,True,False
34,6013441,2026-03-01 08:14:36,bill_reminder,home_card,1,,True,False,False
35,6004573,2026-03-01 08:15:04,bill_reminder,home_card,1,,False,False,False
36,6026562,2026-03-01 08:16:17,payroll_portability,push,1,,True,False,False
37,6020206,2026-03-01 08:16:41,limit_increase,push,1,,False,False,False
38,6004680,2026-03-01 08:16:48,invest_start,push,1,,True,False,False
39,6018172,2026-03-01 08:17:29,invest_start,push,1,,False,True,False
40,6007286,2026-03-01 08:17:29,payroll_portability,push,1,,False,False,False
41,6025635,2026-03-01 08:17:37,savings_goal,in_app_modal,1,,False,False,False
42,6014589,2026-03-01 08:17:48,loan_offer,home_card,1,,False,False,False
43,6036450,2026-03-01 08:18:11,invest_start,in_app_modal,1,,False,False,False
44,6001877,2026-03-01 08:18:30,savings_goal,push,1,,False,False,False
45,6004311,2026-03-01 08:18:36,limit_increase,push,1,,False,False,False
46,6014830,2026-03-01 08:19:13,payroll_portability,home_card,1,,True,False,False
47,6032597,2026-03-01 08:19:17,payroll_portability,push,1,,False,True,False
48,6037305,2026-03-01 08:19:18,invest_start,push,1,,False,True,False
49,6024846,2026-03-01 08:19:18,savings_goal,home_card,1,,True,False,False
50,6009728,2026-03-01 08:19:32,savings_goal,home_card,1,,False,False,False
51,6004382,2026-03-01 08:19:38,limit_increase,home_card,1,,False,True,False
52,6034130,2026-03-01 08:19:49,invest_start,home_card,1,,False,False,False
53,6009617,2026-03-01 08:20:04,loan_offer,push,1,,True,False,False
54,6034526,2026-03-01 08:20:04,loan_offer,push,1,,False,False,False
55,6032169,2026-03-01 08:20:09,limit_increase,push,1,,False,True,False
56,6018002,2026-03-01 08:20:17,payroll_portability,home_card,1,,False,True,False
57,6034056,2026-03-01 08:20:33,bill_reminder,push,1,,False,True,False
58,6012148,2026-03-01 08:20:57,bill_reminder,home_card,1,,True,False,False
59,6000459,2026-03-01 08:21:20,loan_offer,push,1,,False,False,False
60,6022760,2026-03-01 08:21:27,loan_offer,in_app_modal,1,,False,False,False
61,6005214,2026-03-01 08:21:54,invest_start,home_card,1,,False,True,False
62,6016675,2026-03-01 08:23:01,invest_start,home_card,1,,False,False,False
63,6027063,2026-03-01 08:23:10,limit_increase,home_card,1,,True,False,False
64,6018196,2026-03-01 08:23:27,invest_start,home_card,1,,False,True,False
65,6019717,2026-03-01 08:23:33,invest_start,home_card,1,,False,False,False
66,6032128,2026-03-01 08:25:09,loan_offer,home_card,1,,False,True,False
67,6003021,2026-03-01 08:25:27,payroll_portability,home_card,1,,False,True,False
68,6003579,2026-03-01 08:26:30,savings_goal,push,1,,False,False,False
69,6016128,2026-03-01 08:26:53,invest_start,in_app_modal,1,,True,False,False
70,6013123,2026-03-01 08:27:04,bill_reminder,push,1,,False,False,False
71,6008881,2026-03-01 08:27:22,limit_increase,home_card,1,,True,False,False
72,6004469,2026-03-01 08:27:27,loan_offer,in_app_modal,1,,False,False,False
73,6033405,2026-03-01 08:27:43,limit_increase,home_card,1,,False,False,False
74,6035268,2026-03-01 08:28:47,loan_offer,home_card,1,,False,False,False
75,6027628,2026-03-01 08:29:12,limit_increase,in_app_modal,1,,False,False,False
76,6009825,2026-03-01 08:29:14,loan_offer,home_card,1,,False,False,False
77,6022162,2026-03-01 08:29:15,limit_increase,home_card,1,,False,True,False
78,6028560,2026-03-01 08:29:20,bill_reminder,home_card,1,,False,False,False
79,6007452,2026-03-01 08:29:28,bill_reminder,push,1,,False,True,False
80,6013448,2026-03-01 08:29:43,savings_goal,in_app_modal,1,,False,True,False
81,6025451,2026-03-01 08:30:08,bill_reminder,push,1,,True,False,False
82,6027662,2026-03-01 08:30:13,bill_reminder,push,1,,False,False,False
83,6025630,2026-03-01 08:30:56,invest_start,home_card,1,,False,False,False
84,6029719,2026-03-01 08:31:54,loan_offer,home_card,1,,False,False,False
85,6001304,2026-03-01 08:32:03,savings_goal,in_app_modal,1,,True,False,False
86,6025535,2026-03-01 08:32:12,bill_reminder,home_card,1,,False,False,False
87,6019745,2026-03-01 08:32:13,savings_goal,in_app_modal,1,,False,True,False
88,6023152,2026-03-01 08:32:25,payroll_portability,push,1,,False,False,False
89,6018653,2026-03-01 08:32:28,limit_increase,push,1,,True,False,False
90,6004606,2026-03-01 08:32:48,limit_increase,push,1,,True,False,False
91,6013284,2026-03-01 08:33:03,payroll_portability,home_card,1,,False,False,False
92,6006309,2026-03-01 08:33:21,loan_offer,in_app_modal,1,,True,False,False
93,6030291,2026-03-01 08:33:25,invest_start,home_card,1,,True,False,False
94,6022065,2026-03-01 08:34:05,invest_start,in_app_modal,1,,True,False,False
95,6024359,2026-03-01 08:34:59,savings_goal,in_app_modal,1,,True,False,False
96,6017825,2026-03-01 08:35:24,bill_reminder,home_card,1,,False,False,False
97,6009161,2026-03-01 08:35:25,savings_goal,home_card,1,,False,False,False
98,6004309,2026-03-01 08:35:53,limit_increase,home_card,1,,False,False,False
99,6009862,2026-03-01 08:35:55,savings_goal,home_card,1,,False,False,False
100,6028206,2026-03-01 08:36:03,savings_goal,push,1,,False,True,False
101,6000277,2026-03-01 08:36:52,bill_reminder,in_app_modal,1,,False,False,False
102,6037354,2026-03-01 08:37:01,bill_reminder,home_card,1,,False,True,False
103,6012562,2026-03-01 08:37:03,savings_goal,push,1,,False,False,False
104,6016748,2026-03-01 08:37:09,payroll_portability,home_card,1,,False,True,False
105,6025294,2026-03-01 08:37:39,savings_goal,home_card,1,,False,False,False
106,6025651,2026-03-01 08:37:45,limit_increase,push,1,,False,False,False
107,6003434,2026-03-01 08:38:07,savings_goal,home_card,1,,False,False,False
108,6037207,2026-03-01 08:38:52,payroll_portability,home_card,1,,False,False,False
109,6012990,2026-03-01 08:38:54,invest_start,push,1,,False,False,False
110,6004964,2026-03-01 08:39:04,payroll_portability,home_card,1,,False,False,False
111,6018465,2026-03-01 08:39:34,payroll_portability,home_card,1,,False,False,False
112,6029302,2026-03-01 08:39:38,invest_start,in_app_modal,1,,False,False,False
113,6000504,2026-03-01 08:39:57,bill_reminder,home_card,1,,False,True,False
114,6012818,2026-03-01 08:40:22,limit_increase,home_card,1,,False,True,False
115,6003718,2026-03-01 08:40:26,payroll_portability,push,1,,False,True,False
116,6000368,2026-03-01 08:41:15,limit_increase,push,1,,False,False,False
117,6010604,2026-03-01 08:41:29,bill_reminder,home_card,1,,False,True,False
118,6016718,2026-03-01 08:41:35,invest_start,in_app_modal,1,,False,True,False
119,6028529,2026-03-01 08:41:38,bill_reminder,in_app_modal,1,,False,False,False
120,6030078,2026-03-01 08:41:40,limit_increase,push,1,,False,False,False
121,6008331,2026-03-01 08:41:47,loan_offer,push,1,,False,False,False
122,6036488,2026-03-01 08:41:50,bill_reminder,home_card,1,,True,False,False
123,6016017,2026-03-01 08:43:17,loan_offer,home_card,1,,False,False,False
124,6033127,2026-03-01 08:43:38,bill_reminder,home_card,1,,True,False,False
125,6019231,2026-03-01 08:43:57,payroll_portability,push,1,,False,False,False
126,6021777,2026-03-01 08:44:09,payroll_portability,home_card,1,,False,False,False
127,6021303,2026-03-01 08:44:38,payroll_portability,home_card,1,,False,True,False
128,6004989,2026-03-01 08:44:48,loan_offer,home_card,1,,False,False,False
129,6023019,2026-03-01 08:45:35,invest_start,in_app_modal,1,,False,True,False
130,6003155,2026-03-01 08:46:02,invest_start,push,1,,False,True,False
131,6013812,2026-03-01 08:46:20,loan_offer,push,1,,False,False,False
132,6019285,2026-03-01 08:46:29,payroll_portability,push,1,,True,False,False
133,6021542,2026-03-01 08:46:40,loan_offer,home_card,1,,True,False,False
134,6014835,2026-03-01 08:47:02,loan_offer,in_app_modal,1,,False,False,False
135,6010113,2026-03-01 08:47:03,loan_offer,home_card,1,,False,False,False
136,6008507,2026-03-01 08:47:06,payroll_portability,push,1,,False,False,False
137,6011162,2026-03-01 08:47:13,bill_reminder,push,1,,False,False,False
138,6035404,2026-03-01 08:47:20,limit_increase,home_card,1,,False,False,False
139,6005455,2026-03-01 08:47:25,limit_increase,home_card,1,,True,False,False
140,6012275,2026-03-01 08:47:27,bill_reminder,in_app_modal,1,,False,True,False
141,6010060,2026-03-01 08:47:35,bill_reminder,home_card,1,,False,True,False
142,6016979,2026-03-01 08:47:48,savings_goal,in_app_modal,1,,False,False,False
143,6005966,2026-03-01 08:47:55,invest_start,push,1,,False,True,False
144,6008260,2026-03-01 08:48:40,loan_offer,home_card,1,,False,True,False
145,6020445,2026-03-01 08:49:02,invest_start,home_card,1,,True,False,False
146,6028133,2026-03-01 08:49:18,loan_offer,push,1,,False,False,False
147,6013525,2026-03-01 08:49:27,limit_increase,home_card,1,,False,False,False
148,6001695,2026-03-01 08:49:57,invest_start,in_app_modal,1,,False,True,False
149,6015939,2026-03-01 08:50:41,loan_offer,home_card,1,,False,False,False
150,6031074,2026-03-01 08:51:54,bill_reminder,push,1,,False,False,False
151,6022027,2026-03-01 08:52:48,loan_offer,home_card,1,,True,False,False
152,6017113,2026-03-01 08:53:12,savings_goal,push,1,,False,False,False
153,6027217,2026-03-01 08:53:14,limit_increase,push,1,,False,False,False
154,6014133,2026-03-01 08:53:16,limit_increase,home_card,1,,False,False,False
155,6024497,2026-03-01 08:53:31,invest_start,home_card,1,,False,True,False
156,6014844,2026-03-01 08:53:38,savings_goal,home_card,1,,False,True,False
157,6003703,2026-03-01 08:53:41,bill_reminder,push,1,,False,True,False
158,6030475,2026-03-01 08:53:42,invest_start,home_card,1,,False,False,False
159,6035114,2026-03-01 08:53:44,invest_start,in_app_modal,1,,False,True,False
160,6034063,2026-03-01 08:54:05,limit_increase,home_card,1,,False,True,False
161,6002056,2026-03-01 08:54:29,limit_increase,home_card,1,,False,False,False
162,6020969,2026-03-01 08:54:30,bill_reminder,home_card,1,,False,True,False
163,6031443,2026-03-01 08:54:35,savings_goal,in_app_modal,1,,False,True,False
164,6000472,2026-03-01 08:55:15,invest_start,in_app_modal,1,,False,True,False
165,6019970,2026-03-01 08:55:20,bill_reminder,home_card,1,,False,False,False
166,6010054,2026-03-01 08:55:38,payroll_portability,in_app_modal,1,,False,False,False
167,6024660,2026-03-01 08:55:52,bill_reminder,push,1,,False,False,False
168,6003531,2026-03-01 08:55:53,bill_reminder,push,1,,False,False,False
169,6000927,2026-03-01 08:57:06,bill_reminder,push,1,,False,True,False
170,6023072,2026-03-01 08:58:17,loan_offer,home_card,1,,False,True,False
171,6036304,2026-03-01 08:58:24,invest_start,home_card,1,,False,True,False
172,6020321,2026-03-01 08:58:26,invest_start,push,1,,False,False,False
173,6037976,2026-03-01 08:58:28,invest_start,in_app_modal,1,,False,True,False
174,6029874,2026-03-01 08:58:43,loan_offer,in_app_modal,1,,True,False,False
175,6033564,2026-03-01 08:59:14,bill_reminder,push,1,,False,True,False
176,6037281,2026-03-01 08:59:19,limit_increase,home_card,1,,False,False,False
177,6009546,2026-03-01 09:01:29,loan_offer,home_card,1,,False,True,False
178,6000401,2026-03-01 09:02:29,invest_start,home_card,1,,True,False,False
179,6021880,2026-03-01 09:02:34,bill_reminder,home_card,1,,False,False,False
180,6004432,2026-03-01 09:02:34,limit_increase,home_card,1,,False,True,False
181,6007358,2026-03-01 09:02:36,savings_goal,home_card,1,,False,True,False
182,6031223,2026-03-01 09:03:02,savings_goal,push,1,,False,False,False
183,6001805,2026-03-01 09:03:45,bill_reminder,home_card,1,,True,False,False
184,6006267,2026-03-01 09:03:57,invest_start,push,1,,False,False,False
185,6020477,2026-03-01 09:04:36,payroll_portability,home_card,1,,True,False,False
186,6027610,2026-03-01 09:04:57,payroll_portability,home_card,1,,False,False,False
187,6015583,2026-03-01 09:05:29,invest_start,home_card,1,,False,False,False
188,6022146,2026-03-01 09:05:38,limit_increase,push,1,,True,False,False
189,6029239,2026-03-01 09:06:19,invest_start,home_card,1,,True,False,False
190,6030726,2026-03-01 09:06:26,invest_start,in_app_modal,1,,True,False,False
191,6014179,2026-03-01 09:06:30,limit_increase,in_app_modal,1,,False,True,False
192,6024749,2026-03-01 09:07:23,bill_reminder,home_card,1,,False,True,False
193,6014828,2026-03-01 09:07:41,bill_reminder,home_card,1,,False,True,False
194,6005692,2026-03-01 09:08:41,limit_increase,in_app_modal,1,,False,True,False
195,6007219,2026-03-01 09:09:01,savings_goal,push,1,,True,False,False
196,6019722,2026-03-01 09:09:04,bill_reminder,home_card,1,,False,False,False
197,6028702,2026-03-01 09:09:50,bill_reminder,push,1,,False,False,False
198,6032824,2026-03-01 09:10:04,loan_offer,home_card,1,,False,False,False
199,6035477,2026-03-01 09:10:09,invest_start,home_card,1,,False,False,False
200,6012370,2026-03-01 09:10:14,payroll_portability,in_app_modal,1,,False,True,False
201,6009495,2026-03-01 09:10:52,savings_goal,home_card,1,,False,True,False
202,6015061,2026-03-01 09:10:56,invest_start,push,1,,False,False,False
203,6031998,2026-03-01 09:11:05,savings_goal,push,1,,False,False,False
204,6029608,2026-03-01 09:11:29,invest_start,home_card,1,,False,True,False
205,6027540,2026-03-01 09:11:55,limit_increase,push,1,,False,True,False
206,6035677,2026-03-01 09:12:09,limit_increase,in_app_modal,1,,False,True,False
207,6023601,2026-03-01 09:13:07,invest_start,home_card,1,,False,False,False
208,6019354,2026-03-01 09:13:39,bill_reminder,in_app_modal,1,,False,True,False
209,6024798,2026-03-01 09:14:07,limit_increase,home_card,1,,False,False,False
210,6013233,2026-03-01 09:14:22,payroll_portability,home_card,1,,False,True,False
211,6023968,2026-03-01 09:14:28,limit_increase,home_card,1,,False,True,False
212,6014798,2026-03-01 09:15:59,bill_reminder,in_app_modal,1,,False,True,False
213,6032433,2026-03-01 09:16:03,loan_offer,home_card,1,,True,False,False
214,6029941,2026-03-01 09:16:47,loan_offer,home_card,1,,False,False,False
215,6016751,2026-03-01 09:16:53,limit_increase,home_card,1,,False,False,False
216,6031530,2026-03-01 09:16:58,savings_goal,push,1,,True,False,False
217,6023156,2026-03-01 09:17:09,loan_offer,push,1,,False,False,False
218,6023609,2026-03-01 09:18:15,payroll_portability,home_card,1,,False,True,False
219,6031890,2026-03-01 09:18:29,loan_offer,home_card,1,,False,True,False
220,6012875,2026-03-01 09:18:44,bill_reminder,home_card,1,,False,False,False
221,6027751,2026-03-01 09:18:51,bill_reminder,home_card,1,,False,True,False
222,6035475,2026-03-01 09:18:57,payroll_portability,home_card,1,,False,True,False
223,6012258,2026-03-01 09:19:09,bill_reminder,push,1,,False,False,False
224,6025862,2026-03-01 09:20:47,loan_offer,home_card,1,,False,False,False
225,6019029,2026-03-01 09:20:50,savings_goal,push,1,,False,False,False
226,6013809,2026-03-01 09:20:52,bill_reminder,in_app_modal,1,,False,False,False
227,6004165,2026-03-01 09:21:03,payroll_portability,push,1,,False,False,False
228,6016093,2026-03-01 09:21:40,loan_offer,push,1,,False,True,False
229,6026770,2026-03-01 09:22:25,loan_offer,home_card,1,,False,False,False
230,6009208,2026-03-01 09:22:31,invest_start,home_card,1,,False,False,False
231,6004773,2026-03-01 09:23:29,invest_start,home_card,1,,False,False,False
232,6011491,2026-03-01 09:23:30,limit_increase,push,1,,True,False,False
233,6004252,2026-03-01 09:24:53,invest_start,in_app_modal,1,,False,False,False
234,6013632,2026-03-01 09:24:57,bill_reminder,push,1,,False,True,False
235,6007175,2026-03-01 09:25:13,savings_goal,home_card,1,,False,True,False
236,6008312,2026-03-01 09:25:24,bill_reminder,in_app_modal,1,,False,False,False
237,6004372,2026-03-01 09:25:35,limit_increase,push,1,,False,False,False
238,6014181,2026-03-01 09:25:57,bill_reminder,push,1,,False,True,False
239,6009391,2026-03-01 09:26:14,savings_goal,home_card,1,,False,False,False
240,6019431,2026-03-01 09:26:19,limit_increase,push,1,,False,False,False
241,6027173,2026-03-01 09:26:25,savings_goal,home_card,1,,False,True,False
242,6035573,2026-03-01 09:26:42,loan_offer,home_card,1,,False,True,False
243,6006817,2026-03-01 09:26:56,savings_goal,push,1,,False,False,False
244,6020536,2026-03-01 09:27:03,limit_increase,home_card,1,,False,False,False
245,6020833,2026-03-01 09:27:33,payroll_portability,in_app_modal,1,,False,False,False
246,6000382,2026-03-01 09:28:18,bill_reminder,home_card,1,,True,False,False
247,6012113,2026-03-01 09:28:18,bill_reminder,home_card,1,,False,False,False
248,6016913,2026-03-01 09:28:41,savings_goal,home_card,1,,False,False,False
249,6013306,2026-03-01 09:29:16,bill_reminder,home_card,1,,False,False,False
250,6036005,2026-03-01 09:29:24,invest_start,push,1,,False,True,False
251,6005850,2026-03-01 09:29:26,invest_start,home_card,1,,False,False,False
252,6000173,2026-03-01 09:29:43,invest_start,home_card,1,,False,False,False
253,6024459,2026-03-01 09:29:48,bill_reminder,home_card,1,,False,False,False
254,6027384,2026-03-01 09:30:06,bill_reminder,push,1,,False,True,False
255,6009578,2026-03-01 09:30:17,limit_increase,home_card,1,,False,True,False
256,6032761,2026-03-01 09:30:24,bill_reminder,in_app_modal,1,,False,False,False
257,6034940,2026-03-01 09:30:39,savings_goal,push,1,,False,False,False
258,6008689,2026-03-01 09:31:09,savings_goal,in_app_modal,1,,False,True,False
259,6000913,2026-03-01 09:32:12,invest_start,push,1,,False,False,False
260,6033338,2026-03-01 09:32:17,invest_start,in_app_modal,1,,False,True,False
261,6005242,2026-03-01 09:32:19,bill_reminder,home_card,1,,False,True,False
262,6010548,2026-03-01 09:32:26,loan_offer,in_app_modal,1,,False,False,False
263,6016439,2026-03-01 09:32:51,limit_increase,in_app_modal,1,,True,False,False
264,6021530,2026-03-01 09:33:00,payroll_portability,home_card,1,,False,False,False
265,6016813,2026-03-01 09:35:03,invest_start,push,1,,False,True,False
266,6015997,2026-03-01 09:35:53,loan_offer,home_card,1,,False,False,False
267,6029467,2026-03-01 09:36:08,invest_start,home_card,1,,True,False,False
268,6033887,2026-03-01 09:36:23,bill_reminder,push,1,,False,False,False
269,6004806,2026-03-01 09:36:41,payroll_portability,push,1,,True,False,False
270,6012600,2026-03-01 09:37:04,limit_increase,push,1,,False,True,False
271,6031921,2026-03-01 09:37:07,payroll_portability,push,1,,True,False,False
272,6007116,2026-03-01 09:37:24,invest_start,home_card,1,,False,False,False
273,6023588,2026-03-01 09:37:36,invest_start,home_card,1,,False,True,False
274,6028394,2026-03-01 09:38:15,payroll_portability,in_app_modal,1,,False,False,False
275,6037390,2026-03-01 09:40:42,loan_offer,home_card,1,,False,False,False
276,6027121,2026-03-01 09:41:05,savings_goal,home_card,1,,False,False,False
277,6033545,2026-03-01 09:41:10,savings_goal,home_card,1,,True,False,False
278,6013894,2026-03-01 09:41:48,payroll_portability,home_card,1,,False,True,False
279,6027733,2026-03-01 09:41:56,savings_goal,in_app_modal,1,,False,True,False
280,6001950,2026-03-01 09:42:10,bill_reminder,push,1,,False,False,False
281,6000604,2026-03-01 09:42:39,invest_start,home_card,1,,False,False,False
282,6009922,2026-03-01 09:43:34,payroll_portability,home_card,1,,False,False,False
283,6021025,2026-03-01 09:43:48,bill_reminder,home_card,1,,False,False,False
284,6027795,2026-03-01 09:43:51,payroll_portability,home_card,1,,True,False,False
285,6033287,2026-03-01 09:45:41,loan_offer,push,1,,False,False,False
286,6010161,2026-03-01 09:46:09,savings_goal,in_app_modal,1,,False,True,False
287,6031856,2026-03-01 09:46:35,bill_reminder,in_app_modal,1,,False,False,False
288,6018817,2026-03-01 09:46:45,invest_start,home_card,1,,False,False,False
289,6024013,2026-03-01 09:46:45,invest_start,home_card,1,,False,True,False
290,6015835,2026-03-01 09:46:50,invest_start,push,1,,False,True,False
291,6011238,2026-03-01 09:47:08,savings_goal,push,1,,False,True,False
292,6026800,2026-03-01 09:47:22,limit_increase,home_card,1,,True,False,False
293,6029977,2026-03-01 09:48:09,bill_reminder,push,1,,True,False,False
294,6011581,2026-03-01 09:48:09,savings_goal,push,1,,False,True,False
295,6007330,2026-03-01 09:48:18,limit_increase,home_card,1,,False,True,False
296,6029165,2026-03-01 09:48:25,bill_reminder,push,1,,False,False,False
297,6028883,2026-03-01 09:48:50,loan_offer,home_card,1,,False,True,False
298,6025289,2026-03-01 09:48:52,limit_increase,home_card,1,,False,True,False
299,6004910,2026-03-01 09:49:37,payroll_portability,push,1,,False,False,False
300,6034827,2026-03-01 09:50:30,limit_increase,in_app_modal,1,,True,False,False
301,6021445,2026-03-01 09:51:09,loan_offer,push,1,,False,True,False
302,6034188,2026-03-01 09:51:51,invest_start,in_app_modal,1,,False,True,False
303,6003533,2026-03-01 09:51:59,loan_offer,home_card,1,,False,False,False
304,6006815,2026-03-01 09:52:05,bill_reminder,home_card,1,,False,True,False
305,6033783,2026-03-01 09:52:24,payroll_portability,home_card,1,,True,False,False
306,6026021,2026-03-01 09:52:42,savings_goal,home_card,1,,True,False,False
307,6014823,2026-03-01 09:52:53,bill_reminder,in_app_modal,1,,False,False,False
308,6021512,2026-03-01 09:53:00,invest_start,push,1,,False,False,False
309,6030791,2026-03-01 09:53:05,savings_goal,push,1,,False,True,False
310,6006192,2026-03-01 09:53:07,limit_increase,home_card,1,,False,False,False
311,6030593,2026-03-01 09:53:45,payroll_portability,home_card,1,,False,True,False
312,6023321,2026-03-01 09:53:46,invest_start,push,1,,False,False,False
313,6020582,2026-03-01 09:53:47,savings_goal,home_card,1,,True,False,False
314,6018986,2026-03-01 09:54:00,savings_goal,push,1,,False,True,False
315,6034863,2026-03-01 09:54:02,loan_offer,push,1,,False,False,False
316,6012639,2026-03-01 09:54:24,payroll_portability,in_app_modal,1,,False,True,False
317,6014249,2026-03-01 09:54:30,payroll_portability,home_card,1,,False,True,False
318,6031818,2026-03-01 09:55:06,payroll_portability,home_card,1,,False,False,False
319,6014008,2026-03-01 09:55:26,savings_goal,push,1,,False,False,False
320,6019478,2026-03-01 09:55:29,limit_increase,push,1,,False,False,False
321,6035131,2026-03-01 09:55:31,bill_reminder,home_card,1,,True,False,False
322,6016555,2026-03-01 09:55:44,loan_offer,in_app_modal,1,,False,False,False
323,6028819,2026-03-01 09:55:59,bill_reminder,home_card,1,,False,True,False
324,6027494,2026-03-01 09:56:01,savings_goal,in_app_modal,1,,False,True,False
325,6001189,2026-03-01 09:57:02,limit_increase,home_card,1,,False,False,False
326,6010788,2026-03-01 09:58:13,bill_reminder,in_app_modal,1,,False,True,False
327,6037879,2026-03-01 09:58:16,loan_offer,push,1,,False,True,False
328,6014589,2026-03-01 09:58:31,invest_start,push,1,1.68,False,False,False
329,6031566,2026-03-01 09:58:38,limit_increase,home_card,1,,False,True,False
330,6001990,2026-03-01 09:58:44,limit_increase,home_card,1,,True,False,False
331,6003090,2026-03-01 09:59:02,payroll_portability,push,1,,True,False,False
332,6020643,2026-03-01 10:00:14,payroll_portability,home_card,1,,False,True,False
333,6001444,2026-03-01 10:00:30,payroll_portability,home_card,1,,True,False,False
334,6030603,2026-03-01 10:00:37,savings_goal,home_card,1,,False,True,False
335,6007073,2026-03-01 10:00:39,bill_reminder,push,1,,False,False,False
336,6028706,2026-03-01 10:00:50,bill_reminder,home_card,1,,False,False,False
337,6003366,2026-03-01 10:00:52,savings_goal,home_card,1,,False,True,False
338,6030920,2026-03-01 10:01:02,bill_reminder,push,1,,True,False,False
339,6018467,2026-03-01 10:01:19,bill_reminder,in_app_modal,1,,False,False,False
340,6010890,2026-03-01 10:01:24,payroll_portability,home_card,1,,False,False,False
341,6029801,2026-03-01 10:01:51,limit_increase,home_card,1,,False,True,False
342,6017035,2026-03-01 10:02:02,limit_increase,home_card,1,,False,True,False
343,6016559,2026-03-01 10:02:20,limit_increase,home_card,1,,True,False,False
344,6024990,2026-03-01 10:02:41,loan_offer,push,1,,True,False,False
345,6000902,2026-03-01 10:02:58,savings_goal,push,1,,False,True,False
346,6036578,2026-03-01 10:02:59,invest_start,push,1,,False,False,False
347,6023061,2026-03-01 10:03:15,invest_start,push,1,,False,False,False
348,6027946,2026-03-01 10:03:20,loan_offer,in_app_modal,1,,False,False,False
349,6036740,2026-03-01 10:03:59,invest_start,in_app_modal,1,,False,True,False
350,6014296,2026-03-01 10:04:18,payroll_portability,push,1,,True,False,False
351,6033952,2026-03-01 10:04:41,savings_goal,push,1,,False,True,False
352,6012756,2026-03-01 10:05:46,bill_reminder,push,1,,False,True,False
353,6020730,2026-03-01 10:05:48,loan_offer,home_card,1,,False,False,False
354,6032260,2026-03-01 10:06:24,savings_goal,push,1,,False,False,False
355,6030269,2026-03-01 10:06:29,invest_start,in_app_modal,1,,False,True,False
356,6014518,2026-03-01 10:06:31,payroll_portability,push,1,,False,False,False
357,6035395,2026-03-01 10:07:43,savings_goal,in_app_modal,1,,False,False,False
358,6024089,2026-03-01 10:07:53,savings_goal,in_app_modal,1,,False,True,False
359,6028765,2026-03-01 10:08:04,invest_start,push,1,,False,False,False
360,6026932,2026-03-01 10:08:05,savings_goal,home_card,1,,False,False,False
361,6006551,2026-03-01 10:08:23,bill_reminder,push,1,,False,True,False
362,6009385,2026-03-01 10:08:26,savings_goal,in_app_modal,1,,False,True,False
363,6018294,2026-03-01 10:08:51,loan_offer,home_card,1,,False,False,False
364,6008220,2026-03-01 10:10:03,savings_goal,push,1,,False,False,False
365,6015238,2026-03-01 10:10:35,payroll_portability,push,1,,False,False,False
366,6000102,2026-03-01 10:11:03,invest_start,home_card,1,,False,False,False
367,6033239,2026-03-01 10:11:08,loan_offer,in_app_modal,1,,False,False,False
368,6001577,2026-03-01 10:11:10,savings_goal,push,1,,False,False,False
369,6037591,2026-03-01 10:11:30,invest_start,home_card,1,,False,False,False
370,6021231,2026-03-01 10:11:43,savings_goal,push,1,,False,True,False
371,6030169,2026-03-01 10:12:27,bill_reminder,home_card,1,,False,True,False
372,6005118,2026-03-01 10:12:34,loan_offer,in_app_modal,1,,False,True,False
373,6027234,2026-03-01 10:13:04,invest_start,push,1,,False,False,False
374,6005952,2026-03-01 10:13:08,payroll_portability,push,1,,False,True,False
375,6008088,2026-03-01 10:13:12,payroll_portability,home_card,1,,False,False,False
376,6037677,2026-03-01 10:13:18,invest_start,push,1,,False,False,False
377,6022660,2026-03-01 10:14:03,invest_start,in_app_modal,1,,False,True,False
378,6031013,2026-03-01 10:14:14,limit_increase,in_app_modal,1,,False,True,False
379,6012338,2026-03-01 10:14:17,limit_increase,home_card,1,,False,True,False
380,6000933,2026-03-01 10:15:02,loan_offer,in_app_modal,1,,False,False,False
381,6030301,2026-03-01 10:15:02,savings_goal,push,1,,False,False,False
382,6031357,2026-03-01 10:15:18,invest_start,in_app_modal,1,,False,True,False
383,6036215,2026-03-01 10:15:29,payroll_portability,in_app_modal,1,,False,False,False
384,6005824,2026-03-01 10:15:46,payroll_portability,push,1,,True,False,False
385,6029262,2026-03-01 10:16:00,payroll_portability,home_card,1,,True,False,False
386,6018522,2026-03-01 10:16:18,payroll_portability,home_card,1,,False,False,False
387,6032064,2026-03-01 10:16:29,payroll_portability,home_card,1,,False,False,False
388,6020279,2026-03-01 10:17:34,payroll_portability,home_card,1,,False,False,False
389,6035383,2026-03-01 10:17:59,limit_increase,home_card,1,,False,False,False
390,6016438,2026-03-01 10:18:15,loan_offer,home_card,1,,False,False,False
391,6023567,2026-03-01 10:18:29,limit_increase,home_card,1,,True,False,False
392,6011618,2026-03-01 10:18:41,invest_start,in_app_modal,1,,False,False,False
393,6027965,2026-03-01 10:18:52,limit_increase,home_card,1,,False,False,False
394,6014027,2026-03-01 10:20:12,invest_start,home_card,1,,False,True,False
395,6028850,2026-03-01 10:20:44,bill_reminder,home_card,1,,False,True,False
396,6004513,2026-03-01 10:20:47,payroll_portability,home_card,1,,False,False,False
397,6021022,2026-03-01 10:20:57,limit_increase,home_card,1,,False,False,False
398,6029428,2026-03-01 10:21:02,limit_increase,push,1,,False,False,False
399,6026483,2026-03-01 10:21:09,loan_offer,home_card,1,,False,True,False
400,6004096,2026-03-01 10:21:22,payroll_portability,push,1,,False,True,False
401,6011858,2026-03-01 10:21:29,payroll_portability,in_app_modal,1,,False,False,False
402,6014529,2026-03-01 10:22:08,bill_reminder,home_card,1,,False,False,False
403,6019602,2026-03-01 10:22:14,bill_reminder,home_card,1,,False,False,False
404,6000744,2026-03-01 10:22:26,savings_goal,home_card,1,,False,False,False
405,6002895,2026-03-01 10:22:36,loan_offer,in_app_modal,1,,False,True,False
406,6026128,2026-03-01 10:22:50,limit_increase,in_app_modal,1,,True,False,False
407,6000611,2026-03-01 10:24:00,bill_reminder,in_app_modal,1,,False,True,False
408,6004419,2026-03-01 10:24:13,bill_reminder,push,1,,False,False,False
409,6008683,2026-03-01 10:25:10,invest_start,home_card,1,,False,False,False
410,6030863,2026-03-01 10:25:18,limit_increase,home_card,1,,False,False,False
411,6018369,2026-03-01 10:26:07,payroll_portability,in_app_modal,1,,True,False,False
412,6021320,2026-03-01 10:26:14,payroll_portability,home_card,1,,False,False,False
413,6028000,2026-03-01 10:26:30,invest_start,home_card,1,,False,True,False
414,6034846,2026-03-01 10:26:51,bill_reminder,in_app_modal,1,,False,False,False
415,6033348,2026-03-01 10:26:53,loan_offer,home_card,1,,False,True,False
416,6005954,2026-03-01 10:27:00,limit_increase,home_card,1,,False,True,False
417,6016127,2026-03-01 10:27:16,bill_reminder,push,1,,False,True,False
418,6002036,2026-03-01 10:27:20,invest_start,home_card,1,,False,False,False
419,6026381,2026-03-01 10:27:23,savings_goal,in_app_modal,1,,False,True,False
420,6025413,2026-03-01 10:27:42,limit_increase,home_card,1,,False,True,False
421,6024976,2026-03-01 10:27:51,limit_increase,push,1,,False,True,False
422,6035176,2026-03-01 10:27:53,savings_goal,in_app_modal,1,,False,False,False
423,6027061,2026-03-01 10:28:49,loan_offer,in_app_modal,1,,False,False,False
424,6005484,2026-03-01 10:28:52,payroll_portability,home_card,1,,False,False,False
425,6014545,2026-03-01 10:28:52,savings_goal,home_card,1,,True,False,False
426,6024381,2026-03-01 10:29:10,bill_reminder,in_app_modal,1,,False,False,False
427,6031977,2026-03-01 10:29:36,loan_offer,home_card,1,,False,False,False
428,6017703,2026-03-01 10:29:39,limit_increase,home_card,1,,False,False,False
429,6036682,2026-03-01 10:30:02,payroll_portability,home_card,1,,True,False,False
430,6016434,2026-03-01 10:30:09,loan_offer,push,1,,False,False,False
431,6026072,2026-03-01 10:30:09,payroll_portability,home_card,1,,False,True,False
432,6023716,2026-03-01 10:30:10,limit_increase,push,1,,False,False,False
433,6011136,2026-03-01 10:30:24,savings_goal,home_card,1,,False,False,False
434,6000071,2026-03-01 10:30:34,bill_reminder,home_card,1,,False,True,False
435,6025255,2026-03-01 10:30:42,invest_start,push,1,,False,True,False
436,6002121,2026-03-01 10:31:07,bill_reminder,push,1,,False,True,False
437,6027371,2026-03-01 10:31:22,loan_offer,push,1,,True,False,False
438,6018259,2026-03-01 10:31:37,invest_start,push,1,,False,True,False
439,6020075,2026-03-01 10:31:57,bill_reminder,push,1,,True,False,False
440,6021846,2026-03-01 10:32:08,savings_goal,push,1,,False,False,False
441,6037019,2026-03-01 10:32:14,invest_start,push,1,,False,False,False
442,6029827,2026-03-01 10:33:58,payroll_portability,push,1,,False,False,False
443,6014648,2026-03-01 10:34:06,bill_reminder,push,1,,False,True,False
444,6026874,2026-03-01 10:34:13,bill_reminder,home_card,1,,False,True,False
445,6021522,2026-03-01 10:34:33,savings_goal,push,1,,False,False,False
446,6004386,2026-03-01 10:34:45,bill_reminder,home_card,1,,True,False,False
447,6025641,2026-03-01 10:35:10,savings_goal,home_card,1,,False,False,False
448,6003543,2026-03-01 10:35:17,payroll_portability,in_app_modal,1,,True,False,False
449,6033836,2026-03-01 10:35:31,loan_offer,home_card,1,,False,False,False
450,6037632,2026-03-01 10:36:02,loan_offer,home_card,1,,True,False,False
451,6020965,2026-03-01 10:37:29,invest_start,home_card,1,,False,True,False
452,6033642,2026-03-01 10:37:36,bill_reminder,home_card,1,,False,False,False
453,6025752,2026-03-01 10:38:15,limit_increase,in_app_modal,1,,True,False,False
454,6026038,2026-03-01 10:38:44,invest_start,push,1,,False,False,False
455,6032707,2026-03-01 10:38:59,savings_goal,push,1,,False,False,False
456,6025800,2026-03-01 10:39:10,invest_start,home_card,1,,False,False,False
457,6029629,2026-03-01 10:39:16,limit_increase,home_card,1,,True,False,False
458,6017219,2026-03-01 10:40:36,loan_offer,push,1,,False,False,False
459,6037433,2026-03-01 10:41:04,bill_reminder,in_app_modal,1,,False,False,False
460,6009077,2026-03-01 10:41:32,payroll_portability,in_app_modal,1,,True,False,False
461,6026773,2026-03-01 10:41:41,invest_start,home_card,1,,False,False,False
462,6004323,2026-03-01 10:41:49,payroll_portability,in_app_modal,1,,False,True,False
463,6020223,2026-03-01 10:42:49,payroll_portability,push,1,,False,True,False
464,6016372,2026-03-01 10:43:31,payroll_portability,home_card,1,,False,True,False
465,6026205,2026-03-01 10:43:32,invest_start,home_card,1,,False,True,False
466,6025773,2026-03-01 10:43:35,payroll_portability,in_app_modal,1,,True,False,False
467,6002430,2026-03-01 10:43:53,bill_reminder,in_app_modal,1,,True,False,False
468,6020420,2026-03-01 10:43:56,loan_offer,push,1,,True,False,False
469,6010767,2026-03-01 10:44:00,bill_reminder,push,1,,False,False,False
470,6033819,2026-03-01 10:44:14,invest_start,push,1,,False,False,False
471,6009475,2026-03-01 10:44:41,loan_offer,home_card,1,,False,False,False
472,6037632,2026-03-01 10:44:58,payroll_portability,home_card,1,0.15,False,False,False
473,6014852,2026-03-01 10:45:07,loan_offer,home_card,1,,False,True,False
474,6006346,2026-03-01 10:45:43,savings_goal,home_card,1,,False,True,False
475,6033279,2026-03-01 10:46:32,payroll_portability,home_card,1,,False,False,False
476,6022856,2026-03-01 10:48:14,limit_increase,home_card,1,,False,False,False
477,6008724,2026-03-01 10:48:33,limit_increase,push,1,,True,False,False
478,6001544,2026-03-01 10:48:51,loan_offer,push,1,,False,True,False
479,6030144,2026-03-01 10:49:23,bill_reminder,home_card,1,,True,False,False
480,6021329,2026-03-01 10:49:45,savings_goal,push,1,,False,False,False
481,6007087,2026-03-01 10:49:47,limit_increase,push,1,,True,False,False
482,6029861,2026-03-01 10:49:48,invest_start,push,1,,False,True,False
483,6032902,2026-03-01 10:49:49,payroll_portability,home_card,1,,True,False,False
484,6013801,2026-03-01 10:49:57,bill_reminder,home_card,1,,False,False,False
485,6009842,2026-03-01 10:50:14,bill_reminder,home_card,1,,False,False,False
486,6037959,2026-03-01 10:50:14,savings_goal,home_card,1,,False,False,False
487,6010518,2026-03-01 10:51:07,bill_reminder,home_card,1,,False,False,False
488,6025873,2026-03-01 10:52:00,bill_reminder,push,1,,False,True,False
489,6037293,2026-03-01 10:52:04,payroll_portability,push,1,,False,False,False
490,6005660,2026-03-01 10:52:24,bill_reminder,home_card,1,,False,True,False
491,6003264,2026-03-01 10:53:45,payroll_portability,in_app_modal,1,,False,False,False
492,6030704,2026-03-01 10:54:02,savings_goal,home_card,1,,False,False,False
493,6022947,2026-03-01 10:54:09,limit_increase,home_card,1,,False,True,False
494,6013054,2026-03-01 10:54:50,savings_goal,home_card,1,,False,False,False
495,6008565,2026-03-01 10:55:07,loan_offer,push,1,,False,True,False
496,6019952,2026-03-01 10:55:45,payroll_portability,in_app_modal,1,,True,False,False
497,6019882,2026-03-01 10:55:54,bill_reminder,home_card,1,,False,True,False
498,6003163,2026-03-01 10:56:35,savings_goal,home_card,1,,False,False,False
499,6008603,2026-03-01 10:57:02,invest_start,home_card,1,,False,False,False
500,6021678,2026-03-01 10:57:24,limit_increase,in_app_modal,1,,False,True,False
501,6007891,2026-03-01 10:57:28,bill_reminder,push,1,,False,True,False
502,6036184,2026-03-01 10:57:42,payroll_portability,home_card,1,,False,False,False
503,6007953,2026-03-01 10:57:42,limit_increase,home_card,1,,False,True,False
504,6014795,2026-03-01 10:57:48,bill_reminder,home_card,1,,True,False,False
505,6028032,2026-03-01 10:58:00,bill_reminder,push,1,,False,False,False
506,6018933,2026-03-01 10:58:03,savings_goal,push,1,,False,False,False
507,6022320,2026-03-01 10:59:11,loan_offer,push,1,,False,False,False
508,6024147,2026-03-01 10:59:21,bill_reminder,push,1,,False,False,False
509,6029374,2026-03-01 10:59:21,bill_reminder,push,1,,False,False,False
510,6034832,2026-03-01 10:59:29,bill_reminder,push,1,,False,True,False
511,6019068,2026-03-01 10:59:51,limit_increase,in_app_modal,1,,False,True,False
512,6035281,2026-03-01 11:00:10,loan_offer,home_card,1,,False,False,False
513,6030408,2026-03-01 11:00:44,invest_start,home_card,1,,False,False,False
514,6031951,2026-03-01 11:01:12,bill_reminder,home_card,1,,False,False,False
515,6031562,2026-03-01 11:01:30,invest_start,home_card,1,,False,False,False
516,6014857,2026-03-01 11:01:40,limit_increase,push,1,,True,False,False
517,6023596,2026-03-01 11:01:57,invest_start,home_card,1,,False,True,False
518,6018685,2026-03-01 11:02:41,bill_reminder,in_app_modal,1,,False,False,False
519,6019705,2026-03-01 11:02:46,invest_start,push,1,,False,True,False
520,6033434,2026-03-01 11:02:57,loan_offer,home_card,1,,False,False,False
521,6023232,2026-03-01 11:03:15,bill_reminder,in_app_modal,1,,False,False,False
522,6000834,2026-03-01 11:03:26,limit_increase,push,1,,True,False,False
523,6008318,2026-03-01 11:03:40,bill_reminder,home_card,1,,False,False,False
524,6019974,2026-03-01 11:04:15,invest_start,push,1,,False,False,False
525,6037147,2026-03-01 11:04:37,limit_increase,in_app_modal,1,,False,False,False
526,6001667,2026-03-01 11:05:51,invest_start,push,1,,False,False,False
527,6004561,2026-03-01 11:06:02,savings_goal,push,1,,True,False,False
528,6024163,2026-03-01 11:06:43,savings_goal,in_app_modal,1,,True,False,False
529,6012054,2026-03-01 11:06:52,savings_goal,push,1,,False,True,False
530,6022596,2026-03-01 11:07:21,savings_goal,push,1,,False,False,False
531,6005048,2026-03-01 11:07:26,limit_increase,home_card,1,,False,True,False
532,6019236,2026-03-01 11:08:20,limit_increase,home_card,1,,False,False,False
533,6005356,2026-03-01 11:08:21,invest_start,home_card,1,,False,False,False
534,6008656,2026-03-01 11:08:42,payroll_portability,home_card,1,,False,True,False
535,6019300,2026-03-01 11:08:53,payroll_portability,push,1,,False,True,False
536,6000268,2026-03-01 11:09:02,invest_start,home_card,1,,False,True,False
537,6008398,2026-03-01 11:09:11,payroll_portability,home_card,1,,False,True,False
538,6006193,2026-03-01 11:09:17,bill_reminder,push,1,,False,False,False
539,6006879,2026-03-01 11:09:19,savings_goal,in_app_modal,1,,False,False,False
540,6010533,2026-03-01 11:09:35,bill_reminder,push,1,,False,False,False
541,6024945,2026-03-01 11:10:01,savings_goal,home_card,1,,False,True,False
542,6013040,2026-03-01 11:10:04,payroll_portability,home_card,1,,False,True,False
543,6032599,2026-03-01 11:10:13,invest_start,home_card,1,,False,True,False
544,6026349,2026-03-01 11:10:19,savings_goal,home_card,1,,False,False,False
545,6010262,2026-03-01 11:11:00,loan_offer,push,1,,False,False,False
546,6018755,2026-03-01 11:11:46,invest_start,home_card,1,,False,False,True
547,6020331,2026-03-01 11:11:49,loan_offer,home_card,1,,False,True,False
548,6007500,2026-03-01 11:12:16,limit_increase,push,1,,False,False,False
549,6014111,2026-03-01 11:12:31,bill_reminder,home_card,1,,False,True,False
550,6013209,2026-03-01 11:12:57,limit_increase,home_card,1,,True,False,False
551,6006031,2026-03-01 11:13:34,loan_offer,push,1,,False,True,False
552,6000992,2026-03-01 11:14:22,bill_reminder,home_card,1,,True,False,False
553,6035450,2026-03-01 11:14:23,savings_goal,home_card,1,,False,True,False
554,6029070,2026-03-01 11:14:54,payroll_portability,in_app_modal,1,,False,True,False
555,6025446,2026-03-01 11:15:09,loan_offer,in_app_modal,1,,False,True,False
556,6025964,2026-03-01 11:15:27,loan_offer,push,1,,True,False,False
557,6006445,2026-03-01 11:15:38,loan_offer,push,1,,False,False,False
558,6031324,2026-03-01 11:16:17,payroll_portability,home_card,1,,True,False,False
559,6020058,2026-03-01 11:16:36,payroll_portability,push,1,,False,False,False
560,6008097,2026-03-01 11:16:54,bill_reminder,home_card,1,,False,True,False
561,6024210,2026-03-01 11:17:37,loan_offer,home_card,1,,True,False,False
562,6014681,2026-03-01 11:17:56,limit_increase,push,1,,False,True,False
563,6031671,2026-03-01 11:17:57,loan_offer,in_app_modal,1,,False,True,False
564,6025208,2026-03-01 11:17:59,bill_reminder,push,1,,False,False,False
565,6015755,2026-03-01 11:18:12,bill_reminder,home_card,1,,False,True,False
566,6015258,2026-03-01 11:18:12,invest_start,push,1,,False,False,False
567,6021963,2026-03-01 11:18:57,savings_goal,home_card,1,,False,False,False
568,6002469,2026-03-01 11:18:58,payroll_portability,home_card,1,,False,True,False
569,6033459,2026-03-01 11:19:00,payroll_portability,home_card,1,,False,True,False
570,6009752,2026-03-01 11:19:04,invest_start,in_app_modal,1,,False,False,False
571,6010879,2026-03-01 11:19:10,bill_reminder,home_card,1,,False,False,False
572,6028796,2026-03-01 11:19:12,loan_offer,in_app_modal,1,,False,False,False
573,6016821,2026-03-01 11:19:56,loan_offer,push,1,,False,False,False
574,6010873,2026-03-01 11:19:56,loan_offer,home_card,1,,False,True,False
575,6017917,2026-03-01 11:20:23,limit_increase,home_card,1,,False,False,False
576,6010279,2026-03-01 11:20:28,payroll_portability,home_card,1,,False,True,False
577,6005425,2026-03-01 11:20:38,invest_start,home_card,1,,False,False,False
578,6012814,2026-03-01 11:20:47,loan_offer,push,1,,False,False,False
579,6005444,2026-03-01 11:20:50,loan_offer,home_card,1,,False,False,False
580,6031426,2026-03-01 11:21:02,limit_increase,push,1,,False,False,False
581,6012673,2026-03-01 11:21:11,payroll_portability,push,1,,True,False,False
582,6021027,2026-03-01 11:21:16,limit_increase,push,1,,True,False,False
583,6012043,2026-03-01 11:21:32,invest_start,push,1,,False,False,False
584,6010256,2026-03-01 11:22:02,loan_offer,push,1,,False,False,False
585,6011326,2026-03-01 11:22:04,limit_increase,in_app_modal,1,,False,False,False
586,6014759,2026-03-01 11:22:34,savings_goal,home_card,1,,True,False,False
587,6007008,2026-03-01 11:22:39,payroll_portability,in_app_modal,1,,True,False,False
588,6037130,2026-03-01 11:22:46,limit_increase,home_card,1,,False,True,False
589,6018207,2026-03-01 11:22:51,invest_start,push,1,,False,False,False
590,6012677,2026-03-01 11:23:09,payroll_portability,home_card,1,,False,True,False
591,6010363,2026-03-01 11:23:14,loan_offer,home_card,1,,False,False,False
592,6030935,2026-03-01 11:23:31,payroll_portability,home_card,1,,False,False,False
593,6010310,2026-03-01 11:23:37,payroll_portability,in_app_modal,1,,True,False,False
594,6007302,2026-03-01 11:23:48,limit_increase,in_app_modal,1,,False,False,False
595,6015795,2026-03-01 11:24:26,invest_start,home_card,1,,False,True,False
596,6020357,2026-03-01 11:25:36,payroll_portability,home_card,1,,False,False,False
597,6006366,2026-03-01 11:26:31,payroll_portability,home_card,1,,False,False,False
598,6031031,2026-03-01 11:26:34,savings_goal,in_app_modal,1,,False,False,False
599,6028225,2026-03-01 11:27:45,payroll_portability,home_card,1,,False,False,False
600,6008065,2026-03-01 11:28:15,loan_offer,push,1,,False,True,False
601,6009690,2026-03-01 11:28:24,invest_start,push,1,,False,True,False
602,6015095,2026-03-01 11:28:38,invest_start,in_app_modal,1,,False,False,False
603,6011510,2026-03-01 11:28:39,loan_offer,home_card,1,,False,False,False
604,6017049,2026-03-01 11:28:44,limit_increase,home_card,1,,True,False,False
605,6036089,2026-03-01 11:29:54,invest_start,home_card,1,,False,False,False
606,6014369,2026-03-01 11:30:08,savings_goal,push,1,,True,False,False
607,6034718,2026-03-01 11:30:40,bill_reminder,home_card,1,,False,True,False
608,6037998,2026-03-01 11:30:50,invest_start,home_card,1,,True,False,False
609,6000519,2026-03-01 11:31:02,invest_start,home_card,1,,False,True,False
610,6028647,2026-03-01 11:31:11,invest_start,home_card,1,,False,True,False
611,6004981,2026-03-01 11:31:38,savings_goal,push,1,,False,True,False
612,6029863,2026-03-01 11:31:44,payroll_portability,push,1,,False,True,False
613,6021364,2026-03-01 11:32:02,limit_increase,home_card,1,,False,False,False
614,6027159,2026-03-01 11:32:30,invest_start,in_app_modal,1,,False,False,False
615,6015798,2026-03-01 11:32:37,savings_goal,in_app_modal,1,,False,True,False
616,6013778,2026-03-01 11:34:18,invest_start,home_card,1,,False,True,False
617,6024597,2026-03-01 11:34:23,limit_increase,home_card,1,,False,True,False
618,6012471,2026-03-01 11:35:48,limit_increase,home_card,1,,False,True,False
619,6024044,2026-03-01 11:35:50,payroll_portability,push,1,,False,False,False
620,6024149,2026-03-01 11:36:01,bill_reminder,home_card,1,,True,False,False
621,6027750,2026-03-01 11:36:28,bill_reminder,in_app_modal,1,,False,False,False
622,6010402,2026-03-01 11:36:38,limit_increase,push,1,,False,False,False
623,6028016,2026-03-01 11:36:56,limit_increase,home_card,1,,False,False,False
624,6029895,2026-03-01 11:37:03,bill_reminder,push,1,,False,False,False
625,6015017,2026-03-01 11:37:07,invest_start,home_card,1,,False,False,False
626,6018021,2026-03-01 11:37:11,bill_reminder,in_app_modal,1,,False,False,False
627,6015608,2026-03-01 11:37:49,bill_reminder,home_card,1,,False,False,False
628,6023682,2026-03-01 11:37:49,limit_increase,push,1,,False,True,False
629,6001769,2026-03-01 11:37:51,invest_start,push,1,,False,False,False
630,6032348,2026-03-01 11:38:59,savings_goal,home_card,1,,True,False,False
631,6016882,2026-03-01 11:39:16,limit_increase,home_card,1,,True,False,False
632,6012211,2026-03-01 11:39:23,loan_offer,in_app_modal,1,,True,False,False
633,6008897,2026-03-01 11:39:32,invest_start,home_card,1,,False,False,False
634,6014008,2026-03-01 11:39:33,bill_reminder,home_card,1,1.74,False,True,False
635,6010520,2026-03-01 11:40:00,payroll_portability,home_card,1,,False,False,False
636,6013833,2026-03-01 11:40:03,savings_goal,home_card,1,,False,False,False
637,6031880,2026-03-01 11:40:36,loan_offer,home_card,1,,False,False,False
638,6028099,2026-03-01 11:41:22,bill_reminder,home_card,1,,False,False,False
639,6015177,2026-03-01 11:41:27,limit_increase,in_app_modal,1,,False,False,False
640,6030500,2026-03-01 11:41:53,payroll_portability,push,1,,True,False,False
641,6022839,2026-03-01 11:42:18,bill_reminder,push,1,,False,True,False
642,6021859,2026-03-01 11:43:51,limit_increase,in_app_modal,1,,False,False,False
643,6012593,2026-03-01 11:44:46,savings_goal,in_app_modal,1,,False,True,False
644,6032175,2026-03-01 11:45:29,savings_goal,home_card,1,,False,False,False
645,6032682,2026-03-01 11:45:35,savings_goal,in_app_modal,1,,True,False,False
646,6008144,2026-03-01 11:45:38,payroll_portability,home_card,1,,True,False,False
647,6037419,2026-03-01 11:45:41,bill_reminder,in_app_modal,1,,False,True,False
648,6019485,2026-03-01 11:46:59,loan_offer,home_card,1,,False,True,False
649,6000935,2026-03-01 11:47:02,savings_goal,home_card,1,,False,False,False
650,6033119,2026-03-01 11:47:16,savings_goal,home_card,1,,False,False,False
651,6020146,2026-03-01 11:47:34,loan_offer,home_card,1,,False,True,False
652,6022885,2026-03-01 11:47:35,bill_reminder,home_card,1,,False,True,False
653,6036693,2026-03-01 11:47:47,bill_reminder,push,1,,False,False,False
654,6011413,2026-03-01 11:48:25,payroll_portability,push,1,,False,False,False
655,6000653,2026-03-01 11:48:25,savings_goal,in_app_modal,1,,False,False,False
656,6000369,2026-03-01 11:48:58,payroll_portability,home_card,1,,False,True,False
657,6022473,2026-03-01 11:49:01,savings_goal,home_card,1,,False,False,False
658,6028538,2026-03-01 11:49:01,payroll_portability,home_card,1,,False,False,False
659,6020868,2026-03-01 11:49:34,savings_goal,home_card,1,,False,False,False
660,6013592,2026-03-01 11:51:20,invest_start,in_app_modal,1,,False,True,False
661,6003759,2026-03-01 11:51:45,limit_increase,home_card,1,,True,False,False
662,6008576,2026-03-01 11:51:52,savings_goal,home_card,1,,False,False,False
663,6008405,2026-03-01 11:51:53,payroll_portability,home_card,1,,False,False,False
664,6005623,2026-03-01 11:52:05,limit_increase,in_app_modal,1,,True,False,False
665,6006269,2026-03-01 11:52:08,loan_offer,push,1,,True,False,False
666,6007017,2026-03-01 11:53:06,savings_goal,push,1,,False,False,False
667,6020504,2026-03-01 11:53:08,savings_goal,home_card,1,,False,True,False
668,6022729,2026-03-01 11:53:11,invest_start,home_card,1,,False,False,False
669,6007684,2026-03-01 11:53:17,limit_increase,push,1,,True,False,False
670,6011981,2026-03-01 11:53:45,savings_goal,push,1,,False,True,False
671,6021335,2026-03-01 11:54:24,bill_reminder,home_card,1,,False,False,False
672,6006512,2026-03-01 11:54:59,payroll_portability,in_app_modal,1,,True,False,False
673,6005557,2026-03-01 11:55:07,loan_offer,push,1,,True,False,False
674,6014699,2026-03-01 11:55:27,savings_goal,home_card,1,,False,False,False
675,6005179,2026-03-01 11:56:06,limit_increase,in_app_modal,1,,False,True,False
676,6006834,2026-03-01 11:56:15,payroll_portability,home_card,1,,False,True,False
677,6005689,2026-03-01 11:57:27,savings_goal,home_card,1,,False,True,False
678,6023717,2026-03-01 11:57:38,loan_offer,home_card,1,,True,False,False
679,6020884,2026-03-01 11:57:49,limit_increase,home_card,1,,True,False,False
680,6025014,2026-03-01 11:57:59,bill_reminder,push,1,,True,False,False
681,6036971,2026-03-01 11:58:19,savings_goal,home_card,1,,False,False,False
682,6008376,2026-03-01 11:58:20,bill_reminder,home_card,1,,False,True,False
683,6036559,2026-03-01 11:59:09,bill_reminder,home_card,1,,True,False,False
684,6021757,2026-03-01 11:59:24,savings_goal,push,1,,False,True,False
685,6007678,2026-03-01 11:59:44,savings_goal,push,1,,False,True,False
686,6003373,2026-03-01 12:00:18,loan_offer,push,1,,False,True,False
687,6035215,2026-03-01 12:00:19,savings_goal,in_app_modal,1,,False,True,False
688,6034876,2026-03-01 12:01:13,payroll_portability,push,1,,False,False,False
689,6009224,2026-03-01 12:01:32,savings_goal,push,1,,False,False,False
690,6027886,2026-03-01 12:02:15,invest_start,in_app_modal,1,,True,False,False
691,6024722,2026-03-01 12:02:50,invest_start,home_card,1,,False,True,False
692,6035590,2026-03-01 12:02:58,limit_increase,home_card,1,,False,False,False
693,6037252,2026-03-01 12:03:06,loan_offer,push,1,,False,False,False
694,6011098,2026-03-01 12:03:13,bill_reminder,home_card,1,,False,True,False
695,6005304,2026-03-01 12:03:33,savings_goal,in_app_modal,1,,True,False,False
696,6014014,2026-03-01 12:03:38,invest_start,home_card,1,,True,False,False
697,6031757,2026-03-01 12:03:39,loan_offer,push,1,,False,False,False
698,6037550,2026-03-01 12:04:48,limit_increase,in_app_modal,1,,False,True,False
699,6015181,2026-03-01 12:05:45,payroll_portability,in_app_modal,1,,False,False,False
700,6036539,2026-03-01 12:05:58,limit_increase,push,1,,True,False,False
701,6001095,2026-03-01 12:06:15,bill_reminder,push,1,,False,True,False
702,6002711,2026-03-01 12:08:14,bill_reminder,push,1,,False,False,False
703,6023254,2026-03-01 12:08:16,loan_offer,push,1,,False,False,False
704,6027835,2026-03-01 12:08:29,invest_start,push,1,,False,True,False
705,6037336,2026-03-01 12:08:34,loan_offer,push,1,,False,False,False
706,6014881,2026-03-01 12:08:50,invest_start,home_card,1,,False,False,False
707,6007477,2026-03-01 12:09:11,loan_offer,home_card,1,,False,False,False
708,6013166,2026-03-01 12:09:27,invest_start,home_card,1,,True,False,False
709,6027039,2026-03-01 12:09:42,bill_reminder,home_card,1,,False,False,False
710,6022141,2026-03-01 12:10:13,bill_reminder,push,1,,True,False,False
711,6002489,2026-03-01 12:10:34,invest_start,in_app_modal,1,,False,False,False
712,6004227,2026-03-01 12:10:41,bill_reminder,home_card,1,,False,False,False
713,6003429,2026-03-01 12:11:16,payroll_portability,push,1,,False,True,False
714,6037140,2026-03-01 12:11:58,loan_offer,home_card,1,,False,False,False
715,6036550,2026-03-01 12:12:24,savings_goal,push,1,,False,False,False
716,6020112,2026-03-01 12:12:31,loan_offer,push,1,,True,False,False
717,6034763,2026-03-01 12:12:38,loan_offer,in_app_modal,1,,True,False,False
718,6010651,2026-03-01 12:12:50,bill_reminder,home_card,1,,False,False,False
719,6016268,2026-03-01 12:13:00,bill_reminder,in_app_modal,1,,False,False,False
720,6023819,2026-03-01 12:13:25,payroll_portability,push,1,,False,True,False
721,6015835,2026-03-01 12:13:40,payroll_portability,home_card,1,2.45,False,True,False
722,6006394,2026-03-01 12:13:54,savings_goal,in_app_modal,1,,False,True,False
723,6007227,2026-03-01 12:14:01,payroll_portability,home_card,1,,False,False,False
724,6020249,2026-03-01 12:14:18,limit_increase,push,1,,False,False,False
725,6021378,2026-03-01 12:14:22,loan_offer,in_app_modal,1,,False,False,False
726,6035120,2026-03-01 12:15:01,loan_offer,in_app_modal,1,,False,True,False
727,6023810,2026-03-01 12:15:15,bill_reminder,home_card,1,,False,False,False
728,6035940,2026-03-01 12:15:16,bill_reminder,push,1,,False,False,False
729,6022165,2026-03-01 12:15:37,invest_start,push,1,,False,False,False
730,6033084,2026-03-01 12:15:40,limit_increase,push,1,,False,False,False
731,6024731,2026-03-01 12:15:41,loan_offer,push,1,,False,True,False
732,6029016,2026-03-01 12:16:10,limit_increase,home_card,1,,False,True,False
733,6000978,2026-03-01 12:17:09,limit_increase,in_app_modal,1,,True,False,False
734,6034945,2026-03-01 12:18:33,invest_start,home_card,1,,False,True,False
735,6000703,2026-03-01 12:18:35,limit_increase,push,1,,False,False,False
736,6025761,2026-03-01 12:19:04,payroll_portability,home_card,1,,True,False,False
737,6017794,2026-03-01 12:20:01,payroll_portability,in_app_modal,1,,False,False,False
738,6035089,2026-03-01 12:20:04,savings_goal,home_card,1,,False,True,False
739,6007003,2026-03-01 12:20:19,bill_reminder,push,1,,False,True,False
740,6000028,2026-03-01 12:21:00,limit_increase,home_card,1,,True,False,False
741,6009621,2026-03-01 12:21:16,bill_reminder,home_card,1,,False,False,False
742,6006685,2026-03-01 12:22:44,invest_start,in_app_modal,1,,False,False,False
743,6037716,2026-03-01 12:22:47,invest_start,push,1,,False,True,False
744,6032419,2026-03-01 12:23:01,loan_offer,push,1,,False,False,False
745,6012709,2026-03-01 12:23:38,payroll_portability,home_card,1,,False,False,False
746,6012472,2026-03-01 12:23:42,savings_goal,in_app_modal,1,,False,False,False
747,6029204,2026-03-01 12:24:18,savings_goal,in_app_modal,1,,False,False,False
748,6025436,2026-03-01 12:24:38,limit_increase,home_card,1,,False,True,False
749,6015781,2026-03-01 12:24:47,payroll_portability,push,1,,False,True,False
750,6008579,2026-03-01 12:24:48,limit_increase,push,1,,False,False,False
751,6002198,2026-03-01 12:24:56,invest_start,push,1,,False,False,False
752,6027486,2026-03-01 12:25:37,savings_goal,home_card,1,,False,False,False
753,6010035,2026-03-01 12:26:13,bill_reminder,home_card,1,,False,False,False
754,6014206,2026-03-01 12:26:58,payroll_portability,push,1,,False,True,False
755,6030329,2026-03-01 12:27:23,limit_increase,home_card,1,,False,False,False
756,6019004,2026-03-01 12:27:32,payroll_portability,in_app_modal,1,,False,False,False
757,6017760,2026-03-01 12:28:21,payroll_portability,push,1,,False,True,False
758,6021475,2026-03-01 12:28:25,savings_goal,home_card,1,,False,True,False
759,6017280,2026-03-01 12:28:41,bill_reminder,push,1,,False,False,False
760,6020267,2026-03-01 12:28:56,payroll_portability,home_card,1,,False,False,False
761,6014193,2026-03-01 12:29:15,limit_increase,in_app_modal,1,,False,False,False
762,6010865,2026-03-01 12:29:20,loan_offer,home_card,1,,True,False,False
763,6033390,2026-03-01 12:30:06,invest_start,home_card,1,,False,True,False
764,6033851,2026-03-01 12:30:20,invest_start,in_app_modal,1,,False,False,False
765,6000577,2026-03-01 12:30:37,limit_increase,in_app_modal,1,4.28,False,False,False
766,6010360,2026-03-01 12:31:30,savings_goal,home_card,1,,False,False,False
767,6008640,2026-03-01 12:31:45,limit_increase,home_card,1,,True,False,False
768,6016736,2026-03-01 12:32:00,bill_reminder,home_card,1,,False,True,False
769,6011812,2026-03-01 12:32:22,bill_reminder,push,1,,False,True,False
770,6029000,2026-03-01 12:32:33,loan_offer,home_card,1,,False,True,False
771,6002318,2026-03-01 12:32:35,bill_reminder,home_card,1,,False,False,False
772,6003282,2026-03-01 12:32:50,payroll_portability,push,1,,False,True,False
773,6002925,2026-03-01 12:32:59,bill_reminder,home_card,1,,False,False,False
774,6019740,2026-03-01 12:33:24,limit_increase,home_card,1,,False,False,False
775,6020034,2026-03-01 12:34:02,loan_offer,home_card,1,,False,False,False
776,6031021,2026-03-01 12:35:34,invest_start,push,1,,False,True,False
777,6027030,2026-03-01 12:35:42,invest_start,home_card,1,,False,False,False
778,6007958,2026-03-01 12:35:56,loan_offer,in_app_modal,1,,False,False,False
779,6009054,2026-03-01 12:36:44,invest_start,in_app_modal,1,,False,True,False
780,6016885,2026-03-01 12:36:52,savings_goal,home_card,1,,False,True,False
781,6037845,2026-03-01 12:36:54,loan_offer,home_card,1,,False,False,False
782,6034825,2026-03-01 12:37:53,loan_offer,home_card,1,,False,True,False
783,6033299,2026-03-01 12:39:36,bill_reminder,push,1,,False,False,False
784,6036851,2026-03-01 12:39:56,loan_offer,in_app_modal,1,,False,False,False
785,6014924,2026-03-01 12:40:28,payroll_portability,home_card,1,,False,False,False
786,6037144,2026-03-01 12:40:30,loan_offer,home_card,1,,False,False,False
787,6016809,2026-03-01 12:40:35,savings_goal,push,1,,False,False,False
788,6005783,2026-03-01 12:40:41,loan_offer,home_card,1,,False,False,False
789,6026259,2026-03-01 12:41:01,loan_offer,home_card,1,,False,True,False
790,6036963,2026-03-01 12:41:16,loan_offer,push,1,,False,True,False
791,6004517,2026-03-01 12:41:19,payroll_portability,in_app_modal,1,,False,True,False
792,6010655,2026-03-01 12:41:25,bill_reminder,in_app_modal,1,,False,False,False
793,6003998,2026-03-01 12:42:08,bill_reminder,home_card,1,,False,True,False
794,6023523,2026-03-01 12:42:09,bill_reminder,home_card,1,,False,False,False
795,6020692,2026-03-01 12:42:14,invest_start,push,1,,False,False,False
796,6010226,2026-03-01 12:42:24,loan_offer,push,1,,False,True,False
797,6030085,2026-03-01 12:42:56,savings_goal,in_app_modal,1,,False,False,False
798,6034121,2026-03-01 12:43:28,savings_goal,push,1,,False,True,False
799,6034477,2026-03-01 12:43:31,bill_reminder,home_card,1,,False,True,False
800,6014373,2026-03-01 12:43:37,savings_goal,push,1,,False,False,False
801,6018956,2026-03-01 12:43:38,limit_increase,home_card,1,,False,False,False
802,6019239,2026-03-01 12:43:50,invest_start,push,1,,False,False,False
803,6031723,2026-03-01 12:43:54,payroll_portability,home_card,1,,False,True,False
804,6017485,2026-03-01 12:43:56,limit_increase,push,1,,False,True,False
805,6003453,2026-03-01 12:44:06,payroll_portability,home_card,1,,False,True,False
806,6003544,2026-03-01 12:44:42,loan_offer,home_card,1,,True,False,False
807,6028300,2026-03-01 12:45:32,loan_offer,home_card,1,,False,False,False
808,6027831,2026-03-01 12:45:41,limit_increase,push,1,,False,False,False
809,6012578,2026-03-01 12:46:23,savings_goal,in_app_modal,1,,False,True,False
810,6021332,2026-03-01 12:46:33,invest_start,push,1,,False,True,False
811,6023120,2026-03-01 12:46:43,payroll_portability,in_app_modal,1,,False,False,False
812,6024681,2026-03-01 12:46:54,bill_reminder,push,1,,False,True,False
813,6022413,2026-03-01 12:47:00,limit_increase,in_app_modal,1,,False,False,False
814,6009277,2026-03-01 12:47:43,payroll_portability,push,1,,False,False,False
815,6030508,2026-03-01 12:47:46,bill_reminder,home_card,1,,False,True,False
816,6017367,2026-03-01 12:47:50,payroll_portability,push,1,4.79,True,False,False
817,6018280,2026-03-01 12:47:56,savings_goal,in_app_modal,1,,False,False,False
818,6014254,2026-03-01 12:48:31,loan_offer,push,1,,False,True,False
819,6016138,2026-03-01 12:48:49,invest_start,home_card,1,,False,False,False
820,6035360,2026-03-01 12:49:01,payroll_portability,home_card,1,,False,True,False
821,6001090,2026-03-01 12:49:37,bill_reminder,in_app_modal,1,,False,False,False
822,6002585,2026-03-01 12:49:37,payroll_portability,home_card,1,,False,True,False
823,6013197,2026-03-01 12:49:41,bill_reminder,push,1,,False,True,False
824,6013957,2026-03-01 12:49:58,savings_goal,home_card,1,,False,False,False
825,6024520,2026-03-01 12:50:19,invest_start,home_card,1,,False,True,False
826,6035021,2026-03-01 12:50:42,limit_increase,home_card,1,,True,False,False
827,6002734,2026-03-01 12:51:18,loan_offer,push,1,,False,False,False
828,6022467,2026-03-01 12:51:32,bill_reminder,push,1,,False,False,False
829,6001501,2026-03-01 12:51:35,savings_goal,home_card,1,,False,True,False
830,6016291,2026-03-01 12:51:44,bill_reminder,push,1,,False,False,False
831,6034729,2026-03-01 12:51:52,invest_start,in_app_modal,1,,False,False,False
832,6003247,2026-03-01 12:51:54,payroll_portability,in_app_modal,1,,False,False,False
833,6010747,2026-03-01 12:51:55,bill_reminder,home_card,1,,True,False,False
834,6004414,2026-03-01 12:52:08,invest_start,home_card,1,,False,True,False
835,6018693,2026-03-01 12:52:31,bill_reminder,push,1,,False,False,False
836,6008518,2026-03-01 12:52:32,loan_offer,push,1,,False,False,False
837,6027674,2026-03-01 12:52:39,bill_reminder,home_card,1,,True,False,False
838,6011284,2026-03-01 12:53:07,loan_offer,push,1,,False,True,False
839,6013612,2026-03-01 12:53:14,limit_increase,home_card,1,,False,False,False
840,6030844,2026-03-01 12:53:19,limit_increase,push,1,,False,True,False
841,6003856,2026-03-01 12:53:29,invest_start,home_card,1,,False,True,False
842,6007812,2026-03-01 12:54:39,bill_reminder,home_card,1,,False,False,False
843,6021663,2026-03-01 12:54:41,loan_offer,home_card,1,,False,False,False
844,6025082,2026-03-01 12:54:52,invest_start,push,1,,False,True,False
845,6007766,2026-03-01 12:54:56,payroll_portability,home_card,1,,False,False,False
846,6009570,2026-03-01 12:55:28,invest_start,home_card,1,,False,False,False
847,6026701,2026-03-01 12:55:58,bill_reminder,in_app_modal,1,,False,True,False
848,6033481,2026-03-01 12:56:48,savings_goal,home_card,1,,False,True,False
849,6034246,2026-03-01 12:57:14,invest_start,in_app_modal,1,,False,False,False
850,6000894,2026-03-01 12:57:36,invest_start,home_card,1,,False,True,False
851,6002278,2026-03-01 12:58:28,invest_start,in_app_modal,1,,False,False,False
852,6018061,2026-03-01 12:58:33,loan_offer,home_card,1,,False,True,False
853,6010852,2026-03-01 12:58:36,bill_reminder,home_card,1,,False,False,False
854,6000222,2026-03-01 12:58:45,loan_offer,push,1,,False,False,False
855,6031859,2026-03-01 12:58:51,payroll_portability,home_card,1,,False,True,False
856,6004912,2026-03-01 12:58:56,bill_reminder,home_card,1,,False,True,False
857,6022812,2026-03-01 12:59:00,savings_goal,push,1,,False,False,False
858,6011823,2026-03-01 12:59:51,bill_reminder,push,1,,False,True,False
859,6033941,2026-03-01 13:00:54,invest_start,push,1,,False,True,False
860,6011778,2026-03-01 13:01:16,loan_offer,in_app_modal,1,,False,False,False
861,6018668,2026-03-01 13:01:31,invest_start,home_card,1,,False,True,False
862,6037262,2026-03-01 13:01:31,bill_reminder,push,1,,False,False,False
863,6035233,2026-03-01 13:02:16,limit_increase,home_card,1,,False,True,False
864,6016834,2026-03-01 13:02:17,loan_offer,home_card,1,,False,True,False
865,6011394,2026-03-01 13:02:33,payroll_portability,home_card,1,,True,False,False
866,6027248,2026-03-01 13:03:45,bill_reminder,push,1,,False,False,False
867,6027555,2026-03-01 13:03:55,invest_start,home_card,1,,False,True,False
868,6010055,2026-03-01 13:04:26,limit_increase,push,1,,False,False,False
869,6018384,2026-03-01 13:07:00,invest_start,push,1,,False,True,False
870,6012451,2026-03-01 13:07:13,limit_increase,home_card,1,,False,False,False
871,6027257,2026-03-01 13:07:24,invest_start,home_card,1,,False,True,False
872,6009172,2026-03-01 13:07:28,payroll_portability,home_card,1,,True,False,False
873,6033681,2026-03-01 13:07:36,savings_goal,home_card,1,,False,True,False
874,6030583,2026-03-01 13:07:59,invest_start,push,1,,False,False,False
875,6003891,2026-03-01 13:08:13,savings_goal,home_card,1,,False,False,False
876,6004131,2026-03-01 13:08:23,bill_reminder,push,1,,False,False,False
877,6017163,2026-03-01 13:08:32,limit_increase,in_app_modal,1,,False,False,False
878,6017065,2026-03-01 13:09:20,savings_goal,home_card,1,,False,False,False
879,6036110,2026-03-01 13:09:31,invest_start,push,1,,False,False,False
880,6029001,2026-03-01 13:09:43,savings_goal,in_app_modal,1,,False,True,False
881,6012743,2026-03-01 13:10:23,bill_reminder,home_card,1,,False,False,False
882,6032635,2026-03-01 13:10:29,bill_reminder,push,1,,False,True,False
883,6016280,2026-03-01 13:11:18,limit_increase,home_card,1,,False,False,False
884,6022652,2026-03-01 13:11:46,loan_offer,push,1,,False,False,False
885,6010113,2026-03-01 13:11:54,loan_offer,push,2,4.41,False,True,False
886,6033332,2026-03-01 13:12:13,invest_start,home_card,1,,False,True,False
887,6028726,2026-03-01 13:12:16,invest_start,home_card,1,,False,True,False
888,6011298,2026-03-01 13:12:23,payroll_portability,home_card,1,,False,True,False
889,6024001,2026-03-01 13:12:46,loan_offer,in_app_modal,1,,False,True,False
890,6015174,2026-03-01 13:12:59,limit_increase,home_card,1,,False,False,False
891,6014419,2026-03-01 13:13:25,loan_offer,in_app_modal,1,,False,True,False
892,6001772,2026-03-01 13:13:48,loan_offer,push,1,,False,True,False
893,6013799,2026-03-01 13:13:55,bill_reminder,push,1,,True,False,False
894,6027920,2026-03-01 13:15:01,loan_offer,push,1,,True,False,False
895,6010175,2026-03-01 13:15:39,invest_start,home_card,1,,False,False,False
896,6028249,2026-03-01 13:16:15,payroll_portability,push,1,,False,False,False
897,6020155,2026-03-01 13:16:26,payroll_portability,in_app_modal,1,,True,False,False
898,6037944,2026-03-01 13:16:26,invest_start,push,1,,False,False,False
899,6006497,2026-03-01 13:16:37,limit_increase,push,1,,False,False,False
900,6020835,2026-03-01 13:16:50,loan_offer,home_card,1,,False,False,False
901,6033380,2026-03-01 13:17:08,bill_reminder,home_card,1,,False,False,False
902,6037785,2026-03-01 13:17:15,bill_reminder,push,1,,True,False,False
903,6036164,2026-03-01 13:17:19,bill_reminder,push,1,,False,False,False
904,6014161,2026-03-01 13:18:16,limit_increase,push,1,,False,False,False
905,6026212,2026-03-01 13:18:22,loan_offer,push,1,,True,False,False
906,6025834,2026-03-01 13:18:45,limit_increase,home_card,1,,True,False,False
907,6003422,2026-03-01 13:19:08,limit_increase,push,1,,False,False,False
908,6036136,2026-03-01 13:19:29,invest_start,home_card,1,,False,False,False
909,6011499,2026-03-01 13:19:50,savings_goal,home_card,1,,False,False,False
910,6001482,2026-03-01 13:20:17,invest_start,push,1,,False,True,False
911,6012623,2026-03-01 13:21:37,invest_start,push,1,,False,True,False
912,6010329,2026-03-01 13:21:41,invest_start,home_card,1,,False,True,False
913,6037866,2026-03-01 13:21:42,invest_start,home_card,1,,False,True,False
914,6008158,2026-03-01 13:21:42,invest_start,push,1,,False,True,False
915,6023246,2026-03-01 13:22:12,invest_start,push,1,,False,False,False
916,6031616,2026-03-01 13:22:47,bill_reminder,in_app_modal,1,,False,False,False
917,6025723,2026-03-01 13:23:18,limit_increase,home_card,1,,False,True,False
918,6006029,2026-03-01 13:23:26,limit_increase,home_card,1,,False,True,False
919,6021029,2026-03-01 13:24:04,savings_goal,home_card,1,,False,True,False
920,6006983,2026-03-01 13:24:04,limit_increase,home_card,1,,False,False,False
921,6007437,2026-03-01 13:24:07,savings_goal,home_card,1,,False,False,False
922,6025635,2026-03-01 13:24:17,bill_reminder,in_app_modal,1,5.11,False,False,False
923,6031882,2026-03-01 13:24:24,savings_goal,in_app_modal,1,,True,False,False
924,6032696,2026-03-01 13:24:41,loan_offer,home_card,1,,True,False,False
925,6034303,2026-03-01 13:25:03,loan_offer,push,1,,False,False,False
926,6037440,2026-03-01 13:25:09,savings_goal,push,1,,True,False,False
927,6010974,2026-03-01 13:25:35,invest_start,home_card,1,,False,False,False
928,6008500,2026-03-01 13:25:38,payroll_portability,push,1,,False,False,False
929,6024251,2026-03-01 13:25:46,bill_reminder,push,1,,True,False,False
930,6024555,2026-03-01 13:25:59,savings_goal,home_card,1,,False,True,False
931,6007866,2026-03-01 13:26:06,bill_reminder,push,1,,True,False,False
932,6011301,2026-03-01 13:26:12,savings_goal,in_app_modal,1,,True,False,False
933,6025073,2026-03-01 13:26:46,invest_start,in_app_modal,1,,False,False,False
934,6035115,2026-03-01 13:27:51,limit_increase,in_app_modal,1,,False,True,False
935,6017003,2026-03-01 13:28:52,payroll_portability,push,1,,False,False,False
936,6036723,2026-03-01 13:29:24,bill_reminder,push,1,,False,True,False
937,6017886,2026-03-01 13:29:38,payroll_portability,in_app_modal,1,,False,False,False
938,6037828,2026-03-01 13:29:48,limit_increase,in_app_modal,1,,False,False,False
939,6020759,2026-03-01 13:29:57,bill_reminder,in_app_modal,1,,False,False,False
940,6027944,2026-03-01 13:29:58,invest_start,home_card,1,,False,False,False
941,6008906,2026-03-01 13:29:59,limit_increase,push,1,,False,False,False
942,6011291,2026-03-01 13:30:16,limit_increase,home_card,1,,False,False,False
943,6001186,2026-03-01 13:30:30,bill_reminder,home_card,1,,True,False,False
944,6025840,2026-03-01 13:30:42,payroll_portability,home_card,1,,False,True,False
945,6025498,2026-03-01 13:31:43,loan_offer,push,1,,False,False,False
946,6002868,2026-03-01 13:31:52,payroll_portability,home_card,1,,False,True,False
947,6017143,2026-03-01 13:32:47,bill_reminder,home_card,1,,False,False,False
948,6005931,2026-03-01 13:32:50,invest_start,in_app_modal,1,,False,False,False
949,6003663,2026-03-01 13:33:07,loan_offer,in_app_modal,1,,True,False,False
950,6021832,2026-03-01 13:35:00,bill_reminder,in_app_modal,1,,False,True,False
951,6017308,2026-03-01 13:35:05,bill_reminder,push,1,,False,False,False
952,6036102,2026-03-01 13:35:22,bill_reminder,home_card,1,,False,True,False
953,6029499,2026-03-01 13:35:41,limit_increase,push,1,,False,False,False
954,6012656,2026-03-01 13:35:47,loan_offer,push,1,,False,True,False
955,6031010,2026-03-01 13:35:58,loan_offer,home_card,1,,False,True,False
956,6003447,2026-03-01 13:36:02,payroll_portability,push,1,,False,True,False
957,6009523,2026-03-01 13:36:30,bill_reminder,in_app_modal,1,,False,True,False
958,6020249,2026-03-01 13:36:40,invest_start,in_app_modal,1,1.37,False,False,False
959,6029598,2026-03-01 13:37:07,invest_start,home_card,1,,False,True,False
960,6020543,2026-03-01 13:37:42,savings_goal,push,1,,False,False,False
961,6004580,2026-03-01 13:37:57,bill_reminder,home_card,1,,True,False,False
962,6024305,2026-03-01 13:37:58,invest_start,push,1,,False,False,False
963,6022815,2026-03-01 13:38:08,loan_offer,push,1,,False,False,False
964,6030536,2026-03-01 13:38:11,bill_reminder,push,1,,True,False,False
965,6027517,2026-03-01 13:38:23,savings_goal,push,1,,False,False,False
966,6009551,2026-03-01 13:38:23,bill_reminder,home_card,1,,False,False,False
967,6016754,2026-03-01 13:38:31,loan_offer,home_card,1,,False,True,False
968,6007165,2026-03-01 13:38:37,loan_offer,home_card,1,,False,False,False
969,6004509,2026-03-01 13:38:44,payroll_portability,home_card,1,,False,True,False
970,6031857,2026-03-01 13:38:47,limit_increase,in_app_modal,1,,False,False,False
971,6035615,2026-03-01 13:38:48,limit_increase,push,1,,False,False,False
972,6030381,2026-03-01 13:39:05,bill_reminder,home_card,1,,False,True,False
973,6017242,2026-03-01 13:39:29,bill_reminder,home_card,1,,False,True,False
974,6001318,2026-03-01 13:39:57,savings_goal,push,1,,False,False,False
975,6008822,2026-03-01 13:40:00,bill_reminder,in_app_modal,1,,False,False,False
976,6022965,2026-03-01 13:40:04,limit_increase,push,1,,False,False,False
977,6033131,2026-03-01 13:40:17,payroll_portability,in_app_modal,1,,False,True,False
978,6011762,2026-03-01 13:40:47,payroll_portability,home_card,1,,False,False,False
979,6017981,2026-03-01 13:41:00,limit_increase,push,1,,False,False,False
980,6021076,2026-03-01 13:41:52,bill_reminder,home_card,1,,False,False,False
981,6029097,2026-03-01 13:42:24,payroll_portability,home_card,1,,False,True,False
982,6026905,2026-03-01 13:42:54,invest_start,in_app_modal,1,,False,True,False
983,6018363,2026-03-01 13:43:46,bill_reminder,home_card,1,,True,False,False
984,6019640,2026-03-01 13:43:56,limit_increase,home_card,1,,False,True,False
985,6007866,2026-03-01 13:43:57,limit_increase,home_card,1,0.3,False,False,False
986,6034801,2026-03-01 13:43:59,bill_reminder,home_card,1,,False,True,False
987,6037687,2026-03-01 13:44:22,invest_start,push,1,,False,False,False
988,6027918,2026-03-01 13:44:44,limit_increase,push,1,,False,True,False
989,6007040,2026-03-01 13:45:07,invest_start,push,1,,False,False,False
990,6034872,2026-03-01 13:45:17,loan_offer,push,1,,False,True,False
991,6025737,2026-03-01 13:45:26,savings_goal,home_card,1,,False,True,False
992,6009735,2026-03-01 13:46:04,loan_offer,home_card,1,,False,False,False
993,6030244,2026-03-01 13:46:14,bill_reminder,push,1,,False,True,False
994,6011228,2026-03-01 13:46:50,bill_reminder,push,1,,True,False,False
995,6017839,2026-03-01 13:47:08,savings_goal,in_app_modal,1,,True,False,False
996,6027421,2026-03-01 13:47:41,loan_offer,home_card,1,,False,False,False
997,6032668,2026-03-01 13:48:12,loan_offer,home_card,1,,False,True,False
998,6032545,2026-03-01 13:48:52,loan_offer,push,1,,False,False,False
999,6036183,2026-03-01 13:49:01,payroll_portability,home_card,1,,False,False,False
1000,6019347,2026-03-01 13:49:40,invest_start,in_app_modal,1,5.69,False,True,False
